2025-02-04 11:42:44 [restartedMain] INFO  com.Lease.TrimbleCars.TrimbleCarsApplication - Starting TrimbleCarsApplication using Java 22.0.2 with PID 19332 (D:\Trimble Interview assessment\TrimbleCars\target\classes started by DELL in D:\Trimble Interview assessment\TrimbleCars)
2025-02-04 11:42:44 [restartedMain] DEBUG com.Lease.TrimbleCars.TrimbleCarsApplication - Running with Spring Boot v3.4.2, Spring v6.2.2
2025-02-04 11:42:44 [restartedMain] INFO  com.Lease.TrimbleCars.TrimbleCarsApplication - No active profile set, falling back to 1 default profile: "default"
2025-02-04 11:42:49 [restartedMain] INFO  com.Lease.TrimbleCars.TrimbleCarsApplication - Started TrimbleCarsApplication in 5.455 seconds (process running for 6.432)
2025-02-04 11:42:53 [http-nio-8080-exec-1] INFO  com.Lease.TrimbleCars.AOP.LoggingAspect - Entering method: home.create() with arguments: []
2025-02-04 11:42:53 [http-nio-8080-exec-1] INFO  com.Lease.TrimbleCars.AOP.LoggingAspect - Exiting method: home.create()
2025-02-04 13:15:41 [restartedMain] INFO  com.Lease.TrimbleCars.TrimbleCarsApplication - Starting TrimbleCarsApplication using Java 22.0.2 with PID 13944 (D:\Trimble Interview assessment\TrimbleCars\target\classes started by DELL in D:\Trimble Interview assessment\TrimbleCars)
2025-02-04 13:15:41 [restartedMain] DEBUG com.Lease.TrimbleCars.TrimbleCarsApplication - Running with Spring Boot v3.4.2, Spring v6.2.2
2025-02-04 13:15:41 [restartedMain] INFO  com.Lease.TrimbleCars.TrimbleCarsApplication - No active profile set, falling back to 1 default profile: "default"
2025-02-04 13:15:47 [restartedMain] INFO  com.Lease.TrimbleCars.TrimbleCarsApplication - Started TrimbleCarsApplication in 6.884 seconds (process running for 7.858)
2025-02-04 13:18:51 [http-nio-8080-exec-1] INFO  com.Lease.TrimbleCars.AOP.LoggingAspect - Entering method: home.registerUser(..) with arguments: [AppUsers(uid=null, name=Blesson, role=Admin)]
2025-02-04 13:18:51 [http-nio-8080-exec-1] INFO  com.Lease.TrimbleCars.AOP.LoggingAspect - Entering method: UserService.addORupdateUser(..) with arguments: [AppUsers(uid=null, name=Blesson, role=Admin)]
2025-02-04 13:18:51 [http-nio-8080-exec-1] INFO  com.Lease.TrimbleCars.AOP.LoggingAspect - Entering method: CrudRepository.save(..) with arguments: [AppUsers(uid=null, name=Blesson, role=Admin)]
2025-02-04 13:18:51 [http-nio-8080-exec-1] INFO  com.Lease.TrimbleCars.AOP.LoggingAspect - Exiting method: CrudRepository.save(..)
2025-02-04 13:18:51 [http-nio-8080-exec-1] INFO  com.Lease.TrimbleCars.AOP.LoggingAspect - Exiting method: UserService.addORupdateUser(..)
2025-02-04 13:18:51 [http-nio-8080-exec-1] INFO  com.Lease.TrimbleCars.AOP.LoggingAspect - Exiting method: home.registerUser(..)
2025-02-04 13:20:37 [http-nio-8080-exec-2] INFO  com.Lease.TrimbleCars.AOP.LoggingAspect - Entering method: home.registerUser(..) with arguments: [AppUsers(uid=null, name=Nelson, role=Customer)]
2025-02-04 13:20:37 [http-nio-8080-exec-2] INFO  com.Lease.TrimbleCars.AOP.LoggingAspect - Entering method: UserService.addORupdateUser(..) with arguments: [AppUsers(uid=null, name=Nelson, role=Customer)]
2025-02-04 13:20:37 [http-nio-8080-exec-2] INFO  com.Lease.TrimbleCars.AOP.LoggingAspect - Entering method: CrudRepository.save(..) with arguments: [AppUsers(uid=null, name=Nelson, role=Customer)]
2025-02-04 13:20:37 [http-nio-8080-exec-2] INFO  com.Lease.TrimbleCars.AOP.LoggingAspect - Exiting method: CrudRepository.save(..)
2025-02-04 13:20:37 [http-nio-8080-exec-2] INFO  com.Lease.TrimbleCars.AOP.LoggingAspect - Exiting method: UserService.addORupdateUser(..)
2025-02-04 13:20:37 [http-nio-8080-exec-2] INFO  com.Lease.TrimbleCars.AOP.LoggingAspect - Exiting method: home.registerUser(..)
2025-02-04 13:21:06 [http-nio-8080-exec-5] INFO  com.Lease.TrimbleCars.AOP.LoggingAspect - Entering method: home.registerUser(..) with arguments: [AppUsers(uid=null, name=Prabhakaran, role=Owner)]
2025-02-04 13:21:06 [http-nio-8080-exec-5] INFO  com.Lease.TrimbleCars.AOP.LoggingAspect - Entering method: UserService.addORupdateUser(..) with arguments: [AppUsers(uid=null, name=Prabhakaran, role=Owner)]
2025-02-04 13:21:06 [http-nio-8080-exec-5] INFO  com.Lease.TrimbleCars.AOP.LoggingAspect - Entering method: CrudRepository.save(..) with arguments: [AppUsers(uid=null, name=Prabhakaran, role=Owner)]
2025-02-04 13:21:06 [http-nio-8080-exec-5] INFO  com.Lease.TrimbleCars.AOP.LoggingAspect - Exiting method: CrudRepository.save(..)
2025-02-04 13:21:06 [http-nio-8080-exec-5] INFO  com.Lease.TrimbleCars.AOP.LoggingAspect - Exiting method: UserService.addORupdateUser(..)
2025-02-04 13:21:06 [http-nio-8080-exec-5] INFO  com.Lease.TrimbleCars.AOP.LoggingAspect - Exiting method: home.registerUser(..)
2025-02-04 14:52:01 [restartedMain] INFO  com.Lease.TrimbleCars.TrimbleCarsApplication - Starting TrimbleCarsApplication using Java 22.0.2 with PID 3644 (D:\Trimble Interview assessment\TrimbleCars\target\classes started by DELL in D:\Trimble Interview assessment\TrimbleCars)
2025-02-04 14:52:01 [restartedMain] DEBUG com.Lease.TrimbleCars.TrimbleCarsApplication - Running with Spring Boot v3.4.2, Spring v6.2.2
2025-02-04 14:52:01 [restartedMain] INFO  com.Lease.TrimbleCars.TrimbleCarsApplication - No active profile set, falling back to 1 default profile: "default"
2025-02-04 14:52:07 [restartedMain] INFO  com.Lease.TrimbleCars.TrimbleCarsApplication - Started TrimbleCarsApplication in 6.348 seconds (process running for 7.374)
2025-02-04 20:02:38 [restartedMain] INFO  com.Lease.TrimbleCars.TrimbleCarsApplication - Starting TrimbleCarsApplication using Java 22.0.2 with PID 20400 (D:\Trimble Interview assessment\TrimbleCars\target\classes started by DELL in D:\Trimble Interview assessment\TrimbleCars)
2025-02-04 20:02:38 [restartedMain] DEBUG com.Lease.TrimbleCars.TrimbleCarsApplication - Running with Spring Boot v3.4.2, Spring v6.2.2
2025-02-04 20:02:38 [restartedMain] INFO  com.Lease.TrimbleCars.TrimbleCarsApplication - No active profile set, falling back to 1 default profile: "default"
2025-02-04 20:02:55 [restartedMain] INFO  com.Lease.TrimbleCars.TrimbleCarsApplication - Started TrimbleCarsApplication in 19.003 seconds (process running for 22.251)
2025-02-04 20:02:57 [http-nio-8080-exec-2] INFO  com.Lease.TrimbleCars.AOP.LoggingAspect - Entering method: CarController.CarEnrollmentByOwner(..) with arguments: [Cars(carId=null, carOwnerId=101, carName=Toyota Camry, carStatus=On Lease, histories=null)]
2025-02-04 20:02:57 [http-nio-8080-exec-2] INFO  com.Lease.TrimbleCars.AOP.LoggingAspect - Entering method: CarService.AddingOrEnrollingCars(..) with arguments: [Cars(carId=null, carOwnerId=101, carName=Toyota Camry, carStatus=On Lease, histories=null)]
2025-02-04 20:02:57 [http-nio-8080-exec-2] INFO  com.Lease.TrimbleCars.AOP.LoggingAspect - Entering method: CrudRepository.save(..) with arguments: [Cars(carId=null, carOwnerId=101, carName=Toyota Camry, carStatus=On Lease, histories=null)]
2025-02-04 20:02:58 [http-nio-8080-exec-2] INFO  com.Lease.TrimbleCars.AOP.LoggingAspect - Exiting method: CrudRepository.save(..)
2025-02-04 20:02:58 [http-nio-8080-exec-2] INFO  com.Lease.TrimbleCars.AOP.LoggingAspect - Exiting method: CarService.AddingOrEnrollingCars(..)
2025-02-04 20:02:58 [http-nio-8080-exec-2] INFO  com.Lease.TrimbleCars.AOP.LoggingAspect - Exiting method: CarController.CarEnrollmentByOwner(..)
2025-02-04 20:04:59 [http-nio-8080-exec-10] INFO  com.Lease.TrimbleCars.AOP.LoggingAspect - Entering method: CarController.CarEnrollmentByOwner(..) with arguments: [Cars(carId=null, carOwnerId=3, carName=BMW , carStatus=null, histories=null)]
2025-02-04 20:04:59 [http-nio-8080-exec-10] INFO  com.Lease.TrimbleCars.AOP.LoggingAspect - Entering method: CarService.AddingOrEnrollingCars(..) with arguments: [Cars(carId=null, carOwnerId=3, carName=BMW , carStatus=null, histories=null)]
2025-02-04 20:04:59 [http-nio-8080-exec-10] INFO  com.Lease.TrimbleCars.AOP.LoggingAspect - Entering method: CrudRepository.save(..) with arguments: [Cars(carId=null, carOwnerId=3, carName=BMW , carStatus=Ideal, histories=null)]
2025-02-04 20:04:59 [http-nio-8080-exec-10] INFO  com.Lease.TrimbleCars.AOP.LoggingAspect - Exiting method: CrudRepository.save(..)
2025-02-04 20:04:59 [http-nio-8080-exec-10] INFO  com.Lease.TrimbleCars.AOP.LoggingAspect - Exiting method: CarService.AddingOrEnrollingCars(..)
2025-02-04 20:04:59 [http-nio-8080-exec-10] INFO  com.Lease.TrimbleCars.AOP.LoggingAspect - Exiting method: CarController.CarEnrollmentByOwner(..)
2025-02-04 20:11:30 [restartedMain] INFO  com.Lease.TrimbleCars.TrimbleCarsApplication - Starting TrimbleCarsApplication using Java 22.0.2 with PID 18480 (D:\Trimble Interview assessment\TrimbleCars\target\classes started by DELL in D:\Trimble Interview assessment\TrimbleCars)
2025-02-04 20:11:30 [restartedMain] DEBUG com.Lease.TrimbleCars.TrimbleCarsApplication - Running with Spring Boot v3.4.2, Spring v6.2.2
2025-02-04 20:11:30 [restartedMain] INFO  com.Lease.TrimbleCars.TrimbleCarsApplication - No active profile set, falling back to 1 default profile: "default"
2025-02-04 20:11:46 [restartedMain] INFO  com.Lease.TrimbleCars.TrimbleCarsApplication - Started TrimbleCarsApplication in 18.943 seconds (process running for 22.311)
2025-02-04 20:12:44 [restartedMain] INFO  com.Lease.TrimbleCars.TrimbleCarsApplication - Starting TrimbleCarsApplication using Java 22.0.2 with PID 8580 (D:\Trimble Interview assessment\TrimbleCars\target\classes started by DELL in D:\Trimble Interview assessment\TrimbleCars)
2025-02-04 20:12:44 [restartedMain] DEBUG com.Lease.TrimbleCars.TrimbleCarsApplication - Running with Spring Boot v3.4.2, Spring v6.2.2
2025-02-04 20:12:44 [restartedMain] INFO  com.Lease.TrimbleCars.TrimbleCarsApplication - No active profile set, falling back to 1 default profile: "default"
2025-02-04 20:13:03 [restartedMain] INFO  com.Lease.TrimbleCars.TrimbleCarsApplication - Started TrimbleCarsApplication in 20.408 seconds (process running for 24.347)
2025-02-04 20:14:35 [http-nio-8080-exec-1] INFO  com.Lease.TrimbleCars.AOP.LoggingAspect - Entering method: CarController.getCarByOwner(..) with arguments: [3]
2025-02-04 20:14:35 [http-nio-8080-exec-1] INFO  com.Lease.TrimbleCars.AOP.LoggingAspect - Entering method: CarService.carStatus(..) with arguments: [3]
2025-02-04 20:14:35 [http-nio-8080-exec-1] INFO  com.Lease.TrimbleCars.AOP.LoggingAspect - Entering method: CarRepo.getBycarOwnerId(..) with arguments: [3]
2025-02-04 20:14:35 [http-nio-8080-exec-1] INFO  com.Lease.TrimbleCars.AOP.LoggingAspect - Exiting method: CarRepo.getBycarOwnerId(..)
2025-02-04 20:14:35 [http-nio-8080-exec-1] INFO  com.Lease.TrimbleCars.AOP.LoggingAspect - Exiting method: CarService.carStatus(..)
2025-02-04 20:14:35 [http-nio-8080-exec-1] INFO  com.Lease.TrimbleCars.AOP.LoggingAspect - Exiting method: CarController.getCarByOwner(..)
2025-02-04 20:15:14 [restartedMain] INFO  com.Lease.TrimbleCars.TrimbleCarsApplication - Starting TrimbleCarsApplication using Java 22.0.2 with PID 9400 (D:\Trimble Interview assessment\TrimbleCars\target\classes started by DELL in D:\Trimble Interview assessment\TrimbleCars)
2025-02-04 20:15:14 [restartedMain] DEBUG com.Lease.TrimbleCars.TrimbleCarsApplication - Running with Spring Boot v3.4.2, Spring v6.2.2
2025-02-04 20:15:14 [restartedMain] INFO  com.Lease.TrimbleCars.TrimbleCarsApplication - No active profile set, falling back to 1 default profile: "default"
2025-02-04 20:15:32 [restartedMain] INFO  com.Lease.TrimbleCars.TrimbleCarsApplication - Started TrimbleCarsApplication in 19.809 seconds (process running for 22.954)
2025-02-04 20:15:55 [http-nio-8080-exec-2] INFO  com.Lease.TrimbleCars.AOP.LoggingAspect - Entering method: CarController.getCarByOwner(..) with arguments: [3]
2025-02-04 20:15:55 [http-nio-8080-exec-2] INFO  com.Lease.TrimbleCars.AOP.LoggingAspect - Entering method: CarService.carStatus(..) with arguments: [3]
2025-02-04 20:15:55 [http-nio-8080-exec-2] INFO  com.Lease.TrimbleCars.AOP.LoggingAspect - Entering method: CarRepo.getBycarOwnerId(..) with arguments: [3]
2025-02-04 20:15:56 [http-nio-8080-exec-2] INFO  com.Lease.TrimbleCars.AOP.LoggingAspect - Exiting method: CarRepo.getBycarOwnerId(..)
2025-02-04 20:15:56 [http-nio-8080-exec-2] INFO  com.Lease.TrimbleCars.AOP.LoggingAspect - Exiting method: CarService.carStatus(..)
2025-02-04 20:15:56 [http-nio-8080-exec-2] INFO  com.Lease.TrimbleCars.AOP.LoggingAspect - Exiting method: CarController.getCarByOwner(..)
2025-02-04 20:32:23 [restartedMain] INFO  com.Lease.TrimbleCars.TrimbleCarsApplication - Starting TrimbleCarsApplication using Java 22.0.2 with PID 19552 (D:\Trimble Interview assessment\TrimbleCars\target\classes started by DELL in D:\Trimble Interview assessment\TrimbleCars)
2025-02-04 20:32:24 [restartedMain] DEBUG com.Lease.TrimbleCars.TrimbleCarsApplication - Running with Spring Boot v3.4.2, Spring v6.2.2
2025-02-04 20:32:24 [restartedMain] INFO  com.Lease.TrimbleCars.TrimbleCarsApplication - No active profile set, falling back to 1 default profile: "default"
2025-02-04 20:32:42 [restartedMain] INFO  com.Lease.TrimbleCars.TrimbleCarsApplication - Started TrimbleCarsApplication in 20.021 seconds (process running for 23.592)
2025-02-04 20:33:12 [http-nio-8080-exec-2] INFO  com.Lease.TrimbleCars.AOP.LoggingAspect - Entering method: CarOwnerController.getCarLeaseHistory(..) with arguments: [1]
2025-02-04 20:33:12 [http-nio-8080-exec-2] INFO  com.Lease.TrimbleCars.AOP.LoggingAspect - Entering method: CarService.carStatus(..) with arguments: [1]
2025-02-04 20:33:12 [http-nio-8080-exec-2] INFO  com.Lease.TrimbleCars.AOP.LoggingAspect - Entering method: CarRepo.getBycarOwnerId(..) with arguments: [1]
2025-02-04 20:33:12 [http-nio-8080-exec-2] INFO  com.Lease.TrimbleCars.AOP.LoggingAspect - Exiting method: CarRepo.getBycarOwnerId(..)
2025-02-04 20:33:12 [http-nio-8080-exec-2] INFO  com.Lease.TrimbleCars.AOP.LoggingAspect - Exiting method: CarService.carStatus(..)
2025-02-04 20:33:12 [http-nio-8080-exec-2] INFO  com.Lease.TrimbleCars.AOP.LoggingAspect - Exiting method: CarOwnerController.getCarLeaseHistory(..)
2025-02-04 20:33:18 [http-nio-8080-exec-3] INFO  com.Lease.TrimbleCars.AOP.LoggingAspect - Entering method: CarOwnerController.getCarLeaseHistory(..) with arguments: [2]
2025-02-04 20:33:18 [http-nio-8080-exec-3] INFO  com.Lease.TrimbleCars.AOP.LoggingAspect - Entering method: CarService.carStatus(..) with arguments: [2]
2025-02-04 20:33:18 [http-nio-8080-exec-3] INFO  com.Lease.TrimbleCars.AOP.LoggingAspect - Entering method: CarRepo.getBycarOwnerId(..) with arguments: [2]
2025-02-04 20:33:19 [http-nio-8080-exec-3] INFO  com.Lease.TrimbleCars.AOP.LoggingAspect - Exiting method: CarRepo.getBycarOwnerId(..)
2025-02-04 20:33:19 [http-nio-8080-exec-3] INFO  com.Lease.TrimbleCars.AOP.LoggingAspect - Exiting method: CarService.carStatus(..)
2025-02-04 20:33:19 [http-nio-8080-exec-3] INFO  com.Lease.TrimbleCars.AOP.LoggingAspect - Exiting method: CarOwnerController.getCarLeaseHistory(..)
2025-02-04 21:59:14 [restartedMain] INFO  com.Lease.TrimbleCars.TrimbleCarsApplication - Starting TrimbleCarsApplication using Java 22.0.2 with PID 10952 (D:\Trimble Interview assessment\TrimbleCars\target\classes started by DELL in D:\Trimble Interview assessment\TrimbleCars)
2025-02-04 21:59:14 [restartedMain] DEBUG com.Lease.TrimbleCars.TrimbleCarsApplication - Running with Spring Boot v3.4.2, Spring v6.2.2
2025-02-04 21:59:14 [restartedMain] INFO  com.Lease.TrimbleCars.TrimbleCarsApplication - No active profile set, falling back to 1 default profile: "default"
2025-02-04 21:59:16 [restartedMain] INFO  com.Lease.TrimbleCars.TrimbleCarsApplication - Starting TrimbleCarsApplication using Java 22.0.2 with PID 19316 (D:\Trimble Interview assessment\TrimbleCars\target\classes started by DELL in D:\Trimble Interview assessment\TrimbleCars)
2025-02-04 21:59:16 [restartedMain] DEBUG com.Lease.TrimbleCars.TrimbleCarsApplication - Running with Spring Boot v3.4.2, Spring v6.2.2
2025-02-04 21:59:16 [restartedMain] INFO  com.Lease.TrimbleCars.TrimbleCarsApplication - No active profile set, falling back to 1 default profile: "default"
2025-02-04 21:59:27 [restartedMain] INFO  com.Lease.TrimbleCars.TrimbleCarsApplication - Started TrimbleCarsApplication in 13.884 seconds (process running for 15.814)
2025-02-04 22:00:27 [http-nio-8080-exec-1] INFO  com.Lease.TrimbleCars.AOP.LoggingAspect - Entering method: EndCustomerController.getAvailaleCarsForLease() with arguments: []
2025-02-04 22:00:27 [http-nio-8080-exec-1] INFO  com.Lease.TrimbleCars.AOP.LoggingAspect - Entering method: CarService.getAvailableCarsForLease() with arguments: []
2025-02-04 22:00:27 [http-nio-8080-exec-1] INFO  com.Lease.TrimbleCars.AOP.LoggingAspect - Entering method: CarRepo.findBycarStatus(..) with arguments: [Ideal]
2025-02-04 22:00:27 [http-nio-8080-exec-1] INFO  com.Lease.TrimbleCars.AOP.LoggingAspect - Exiting method: CarRepo.findBycarStatus(..)
2025-02-04 22:00:27 [http-nio-8080-exec-1] INFO  com.Lease.TrimbleCars.AOP.LoggingAspect - Exiting method: CarService.getAvailableCarsForLease()
2025-02-04 22:00:27 [http-nio-8080-exec-1] INFO  com.Lease.TrimbleCars.AOP.LoggingAspect - Exiting method: EndCustomerController.getAvailaleCarsForLease()
2025-02-04 22:15:22 [restartedMain] INFO  com.Lease.TrimbleCars.TrimbleCarsApplication - Starting TrimbleCarsApplication using Java 22.0.2 with PID 10952 (D:\Trimble Interview assessment\TrimbleCars\target\classes started by DELL in D:\Trimble Interview assessment\TrimbleCars)
2025-02-04 22:15:22 [restartedMain] DEBUG com.Lease.TrimbleCars.TrimbleCarsApplication - Running with Spring Boot v3.4.2, Spring v6.2.2
2025-02-04 22:15:22 [restartedMain] INFO  com.Lease.TrimbleCars.TrimbleCarsApplication - No active profile set, falling back to 1 default profile: "default"
2025-02-04 22:15:24 [restartedMain] INFO  com.Lease.TrimbleCars.TrimbleCarsApplication - Started TrimbleCarsApplication in 2.471 seconds (process running for 972.739)
2025-02-04 22:15:24 [restartedMain] INFO  com.Lease.TrimbleCars.TrimbleCarsApplication - Starting TrimbleCarsApplication using Java 22.0.2 with PID 5360 (D:\Trimble Interview assessment\TrimbleCars\target\classes started by DELL in D:\Trimble Interview assessment\TrimbleCars)
2025-02-04 22:15:24 [restartedMain] DEBUG com.Lease.TrimbleCars.TrimbleCarsApplication - Running with Spring Boot v3.4.2, Spring v6.2.2
2025-02-04 22:15:24 [restartedMain] INFO  com.Lease.TrimbleCars.TrimbleCarsApplication - No active profile set, falling back to 1 default profile: "default"
2025-02-04 22:15:38 [http-nio-8080-exec-4] INFO  com.Lease.TrimbleCars.AOP.LoggingAspect - Entering method: EndCustomerController.getAvailaleCarsForLease() with arguments: []
2025-02-04 22:15:38 [http-nio-8080-exec-4] INFO  com.Lease.TrimbleCars.AOP.LoggingAspect - Entering method: CarService.getAvailableCarsForLease() with arguments: []
2025-02-04 22:15:38 [http-nio-8080-exec-4] INFO  com.Lease.TrimbleCars.AOP.LoggingAspect - Entering method: CarRepo.findBycarStatus(..) with arguments: [Ideal]
2025-02-04 22:15:38 [http-nio-8080-exec-4] INFO  com.Lease.TrimbleCars.AOP.LoggingAspect - Exiting method: CarRepo.findBycarStatus(..)
2025-02-04 22:15:38 [http-nio-8080-exec-4] INFO  com.Lease.TrimbleCars.AOP.LoggingAspect - Exiting method: CarService.getAvailableCarsForLease()
2025-02-04 22:15:38 [http-nio-8080-exec-4] INFO  com.Lease.TrimbleCars.AOP.LoggingAspect - Exiting method: EndCustomerController.getAvailaleCarsForLease()
2025-02-04 23:57:32 [restartedMain] INFO  com.Lease.TrimbleCars.TrimbleCarsApplication - Starting TrimbleCarsApplication using Java 22.0.2 with PID 20176 (D:\Trimble Interview assessment\TrimbleCars\target\classes started by DELL in D:\Trimble Interview assessment\TrimbleCars)
2025-02-04 23:57:32 [restartedMain] DEBUG com.Lease.TrimbleCars.TrimbleCarsApplication - Running with Spring Boot v3.4.2, Spring v6.2.2
2025-02-04 23:57:32 [restartedMain] INFO  com.Lease.TrimbleCars.TrimbleCarsApplication - No active profile set, falling back to 1 default profile: "default"
2025-02-04 23:57:53 [restartedMain] INFO  com.Lease.TrimbleCars.TrimbleCarsApplication - Started TrimbleCarsApplication in 22.137 seconds (process running for 25.802)
2025-02-04 23:59:45 [http-nio-8080-exec-1] INFO  com.Lease.TrimbleCars.AOP.LoggingAspect - Entering method: EndCustomerController.countOfActiveLease(..) with arguments: [2]
2025-02-04 23:59:45 [http-nio-8080-exec-1] INFO  com.Lease.TrimbleCars.AOP.LoggingAspect - Entering method: UserService.getByid(..) with arguments: [2]
2025-02-04 23:59:45 [http-nio-8080-exec-1] INFO  com.Lease.TrimbleCars.AOP.LoggingAspect - Entering method: CrudRepository.findById(..) with arguments: [2]
2025-02-04 23:59:45 [http-nio-8080-exec-1] INFO  com.Lease.TrimbleCars.AOP.LoggingAspect - Exiting method: CrudRepository.findById(..)
2025-02-04 23:59:45 [http-nio-8080-exec-1] INFO  com.Lease.TrimbleCars.AOP.LoggingAspect - Exiting method: UserService.getByid(..)
2025-02-04 23:59:45 [http-nio-8080-exec-1] INFO  com.Lease.TrimbleCars.AOP.LoggingAspect - Exiting method: EndCustomerController.countOfActiveLease(..)
2025-02-05 00:00:31 [restartedMain] INFO  com.Lease.TrimbleCars.TrimbleCarsApplication - Starting TrimbleCarsApplication using Java 22.0.2 with PID 15180 (D:\Trimble Interview assessment\TrimbleCars\target\classes started by DELL in D:\Trimble Interview assessment\TrimbleCars)
2025-02-05 00:00:31 [restartedMain] DEBUG com.Lease.TrimbleCars.TrimbleCarsApplication - Running with Spring Boot v3.4.2, Spring v6.2.2
2025-02-05 00:00:31 [restartedMain] INFO  com.Lease.TrimbleCars.TrimbleCarsApplication - No active profile set, falling back to 1 default profile: "default"
2025-02-05 00:00:51 [restartedMain] INFO  com.Lease.TrimbleCars.TrimbleCarsApplication - Started TrimbleCarsApplication in 21.868 seconds (process running for 25.197)
2025-02-05 00:01:26 [http-nio-8080-exec-1] INFO  com.Lease.TrimbleCars.AOP.LoggingAspect - Entering method: EndCustomerController.countOfActiveLease(..) with arguments: [2]
2025-02-05 00:01:26 [http-nio-8080-exec-1] INFO  com.Lease.TrimbleCars.AOP.LoggingAspect - Entering method: UserService.getByid(..) with arguments: [2]
2025-02-05 00:01:26 [http-nio-8080-exec-1] INFO  com.Lease.TrimbleCars.AOP.LoggingAspect - Entering method: CrudRepository.findById(..) with arguments: [2]
2025-02-05 00:01:27 [http-nio-8080-exec-1] INFO  com.Lease.TrimbleCars.AOP.LoggingAspect - Exiting method: CrudRepository.findById(..)
2025-02-05 00:01:27 [http-nio-8080-exec-1] INFO  com.Lease.TrimbleCars.AOP.LoggingAspect - Exiting method: UserService.getByid(..)
2025-02-05 00:01:27 [http-nio-8080-exec-1] INFO  com.Lease.TrimbleCars.AOP.LoggingAspect - Exiting method: EndCustomerController.countOfActiveLease(..)
2025-02-05 00:01:54 [http-nio-8080-exec-3] INFO  com.Lease.TrimbleCars.AOP.LoggingAspect - Entering method: EndCustomerController.countOfActiveLease(..) with arguments: [2]
2025-02-05 00:01:54 [http-nio-8080-exec-3] INFO  com.Lease.TrimbleCars.AOP.LoggingAspect - Entering method: UserService.getByid(..) with arguments: [2]
2025-02-05 00:01:54 [http-nio-8080-exec-3] INFO  com.Lease.TrimbleCars.AOP.LoggingAspect - Entering method: CrudRepository.findById(..) with arguments: [2]
2025-02-05 00:01:54 [http-nio-8080-exec-3] INFO  com.Lease.TrimbleCars.AOP.LoggingAspect - Exiting method: CrudRepository.findById(..)
2025-02-05 00:01:54 [http-nio-8080-exec-3] INFO  com.Lease.TrimbleCars.AOP.LoggingAspect - Exiting method: UserService.getByid(..)
2025-02-05 00:01:54 [http-nio-8080-exec-3] INFO  com.Lease.TrimbleCars.AOP.LoggingAspect - Exiting method: EndCustomerController.countOfActiveLease(..)
2025-02-05 08:20:27 [restartedMain] INFO  com.Lease.TrimbleCars.TrimbleCarsApplication - Starting TrimbleCarsApplication using Java 22.0.2 with PID 9100 (D:\Trimble Interview assessment\TrimbleCars\target\classes started by DELL in D:\Trimble Interview assessment\TrimbleCars)
2025-02-05 08:20:27 [restartedMain] DEBUG com.Lease.TrimbleCars.TrimbleCarsApplication - Running with Spring Boot v3.4.2, Spring v6.2.2
2025-02-05 08:20:27 [restartedMain] INFO  com.Lease.TrimbleCars.TrimbleCarsApplication - No active profile set, falling back to 1 default profile: "default"
2025-02-05 08:20:40 [restartedMain] INFO  com.Lease.TrimbleCars.TrimbleCarsApplication - Started TrimbleCarsApplication in 14.361 seconds (process running for 16.337)
2025-02-05 08:22:03 [http-nio-8080-exec-6] INFO  com.Lease.TrimbleCars.AOP.LoggingAspect - Entering method: EndCustomerController.bookById(..) with arguments: [2, History(orderId=null, LeaserId=2, LeaserName=null, Leaserrole=null, startDate=Wed Jan 15 05:30:00 IST 2025, endDate=null, car=null)]
2025-02-05 08:22:03 [http-nio-8080-exec-6] INFO  com.Lease.TrimbleCars.AOP.LoggingAspect - Entering method: CarService.BookByID(..) with arguments: [2, History(orderId=null, LeaserId=2, LeaserName=null, Leaserrole=null, startDate=Wed Jan 15 05:30:00 IST 2025, endDate=null, car=null)]
2025-02-05 08:22:03 [http-nio-8080-exec-6] INFO  com.Lease.TrimbleCars.AOP.LoggingAspect - Entering method: UserService.getByid(..) with arguments: [2]
2025-02-05 08:22:03 [http-nio-8080-exec-6] INFO  com.Lease.TrimbleCars.AOP.LoggingAspect - Entering method: CrudRepository.findById(..) with arguments: [2]
2025-02-05 08:22:04 [http-nio-8080-exec-6] INFO  com.Lease.TrimbleCars.AOP.LoggingAspect - Exiting method: CrudRepository.findById(..)
2025-02-05 08:22:04 [http-nio-8080-exec-6] INFO  com.Lease.TrimbleCars.AOP.LoggingAspect - Exiting method: UserService.getByid(..)
2025-02-05 08:22:04 [http-nio-8080-exec-6] INFO  com.Lease.TrimbleCars.AOP.LoggingAspect - Entering method: CrudRepository.findById(..) with arguments: [2]
2025-02-05 08:22:04 [http-nio-8080-exec-6] INFO  com.Lease.TrimbleCars.AOP.LoggingAspect - Exiting method: CrudRepository.findById(..)
2025-02-05 08:22:04 [http-nio-8080-exec-6] INFO  com.Lease.TrimbleCars.AOP.LoggingAspect - Entering method: CrudRepository.save(..) with arguments: [Cars(carId=2, carOwnerId=3, carName=BMW , carStatus=On Lease, histories=[])]
2025-02-05 08:22:04 [http-nio-8080-exec-6] INFO  com.Lease.TrimbleCars.AOP.LoggingAspect - Exiting method: CrudRepository.save(..)
2025-02-05 08:22:04 [http-nio-8080-exec-6] INFO  com.Lease.TrimbleCars.AOP.LoggingAspect - Entering method: LeaseHistoryService.createTransaction(..) with arguments: [History(orderId=null, LeaserId=2, LeaserName=Nelson, Leaserrole=Customer, startDate=Wed Jan 15 05:30:00 IST 2025, endDate=null, car=Cars(carId=2, carOwnerId=3, carName=BMW , carStatus=On Lease, histories=[]))]
2025-02-05 08:22:04 [http-nio-8080-exec-6] INFO  com.Lease.TrimbleCars.AOP.LoggingAspect - Entering method: CrudRepository.save(..) with arguments: [History(orderId=null, LeaserId=2, LeaserName=Nelson, Leaserrole=Customer, startDate=Wed Jan 15 05:30:00 IST 2025, endDate=null, car=Cars(carId=2, carOwnerId=3, carName=BMW , carStatus=On Lease, histories=[]))]
2025-02-05 08:22:04 [http-nio-8080-exec-6] INFO  com.Lease.TrimbleCars.AOP.LoggingAspect - Exiting method: CrudRepository.save(..)
2025-02-05 08:22:04 [http-nio-8080-exec-6] INFO  com.Lease.TrimbleCars.AOP.LoggingAspect - Exiting method: LeaseHistoryService.createTransaction(..)
2025-02-05 08:22:04 [http-nio-8080-exec-6] INFO  com.Lease.TrimbleCars.AOP.LoggingAspect - Exiting method: CarService.BookByID(..)
2025-02-05 08:22:04 [http-nio-8080-exec-6] INFO  com.Lease.TrimbleCars.AOP.LoggingAspect - Exiting method: EndCustomerController.bookById(..)
2025-02-05 08:22:50 [http-nio-8080-exec-2] INFO  com.Lease.TrimbleCars.AOP.LoggingAspect - Entering method: EndCustomerController.bookById(..) with arguments: [1, History(orderId=null, LeaserId=2, LeaserName=null, Leaserrole=null, startDate=Wed Jan 15 05:30:00 IST 2025, endDate=null, car=null)]
2025-02-05 08:22:50 [http-nio-8080-exec-2] INFO  com.Lease.TrimbleCars.AOP.LoggingAspect - Entering method: CarService.BookByID(..) with arguments: [1, History(orderId=null, LeaserId=2, LeaserName=null, Leaserrole=null, startDate=Wed Jan 15 05:30:00 IST 2025, endDate=null, car=null)]
2025-02-05 08:22:50 [http-nio-8080-exec-2] INFO  com.Lease.TrimbleCars.AOP.LoggingAspect - Entering method: UserService.getByid(..) with arguments: [2]
2025-02-05 08:22:50 [http-nio-8080-exec-2] INFO  com.Lease.TrimbleCars.AOP.LoggingAspect - Entering method: CrudRepository.findById(..) with arguments: [2]
2025-02-05 08:22:50 [http-nio-8080-exec-2] INFO  com.Lease.TrimbleCars.AOP.LoggingAspect - Exiting method: CrudRepository.findById(..)
2025-02-05 08:22:50 [http-nio-8080-exec-2] INFO  com.Lease.TrimbleCars.AOP.LoggingAspect - Exiting method: UserService.getByid(..)
2025-02-05 08:22:50 [http-nio-8080-exec-2] INFO  com.Lease.TrimbleCars.AOP.LoggingAspect - Entering method: CrudRepository.findById(..) with arguments: [1]
2025-02-05 08:22:50 [http-nio-8080-exec-2] INFO  com.Lease.TrimbleCars.AOP.LoggingAspect - Exiting method: CrudRepository.findById(..)
2025-02-05 08:22:50 [http-nio-8080-exec-2] INFO  com.Lease.TrimbleCars.AOP.LoggingAspect - Entering method: CrudRepository.save(..) with arguments: [Cars(carId=1, carOwnerId=3, carName=Toyota Camry, carStatus=On Lease, histories=[])]
2025-02-05 08:22:50 [http-nio-8080-exec-2] INFO  com.Lease.TrimbleCars.AOP.LoggingAspect - Exiting method: CrudRepository.save(..)
2025-02-05 08:22:50 [http-nio-8080-exec-2] INFO  com.Lease.TrimbleCars.AOP.LoggingAspect - Entering method: LeaseHistoryService.createTransaction(..) with arguments: [History(orderId=null, LeaserId=2, LeaserName=Nelson, Leaserrole=Customer, startDate=Wed Jan 15 05:30:00 IST 2025, endDate=null, car=Cars(carId=1, carOwnerId=3, carName=Toyota Camry, carStatus=On Lease, histories=[]))]
2025-02-05 08:22:50 [http-nio-8080-exec-2] INFO  com.Lease.TrimbleCars.AOP.LoggingAspect - Entering method: CrudRepository.save(..) with arguments: [History(orderId=null, LeaserId=2, LeaserName=Nelson, Leaserrole=Customer, startDate=Wed Jan 15 05:30:00 IST 2025, endDate=null, car=Cars(carId=1, carOwnerId=3, carName=Toyota Camry, carStatus=On Lease, histories=[]))]
2025-02-05 08:22:50 [http-nio-8080-exec-2] INFO  com.Lease.TrimbleCars.AOP.LoggingAspect - Exiting method: CrudRepository.save(..)
2025-02-05 08:22:50 [http-nio-8080-exec-2] INFO  com.Lease.TrimbleCars.AOP.LoggingAspect - Exiting method: LeaseHistoryService.createTransaction(..)
2025-02-05 08:22:50 [http-nio-8080-exec-2] INFO  com.Lease.TrimbleCars.AOP.LoggingAspect - Exiting method: CarService.BookByID(..)
2025-02-05 08:22:50 [http-nio-8080-exec-2] INFO  com.Lease.TrimbleCars.AOP.LoggingAspect - Exiting method: EndCustomerController.bookById(..)
2025-02-05 08:23:05 [http-nio-8080-exec-3] INFO  com.Lease.TrimbleCars.AOP.LoggingAspect - Entering method: EndCustomerController.bookById(..) with arguments: [2, History(orderId=null, LeaserId=2, LeaserName=null, Leaserrole=null, startDate=Wed Jan 15 05:30:00 IST 2025, endDate=null, car=null)]
2025-02-05 08:23:05 [http-nio-8080-exec-3] INFO  com.Lease.TrimbleCars.AOP.LoggingAspect - Entering method: CarService.BookByID(..) with arguments: [2, History(orderId=null, LeaserId=2, LeaserName=null, Leaserrole=null, startDate=Wed Jan 15 05:30:00 IST 2025, endDate=null, car=null)]
2025-02-05 08:23:05 [http-nio-8080-exec-3] INFO  com.Lease.TrimbleCars.AOP.LoggingAspect - Entering method: UserService.getByid(..) with arguments: [2]
2025-02-05 08:23:05 [http-nio-8080-exec-3] INFO  com.Lease.TrimbleCars.AOP.LoggingAspect - Entering method: CrudRepository.findById(..) with arguments: [2]
2025-02-05 08:23:05 [http-nio-8080-exec-3] INFO  com.Lease.TrimbleCars.AOP.LoggingAspect - Exiting method: CrudRepository.findById(..)
2025-02-05 08:23:05 [http-nio-8080-exec-3] INFO  com.Lease.TrimbleCars.AOP.LoggingAspect - Exiting method: UserService.getByid(..)
2025-02-05 08:23:05 [http-nio-8080-exec-3] INFO  com.Lease.TrimbleCars.AOP.LoggingAspect - Entering method: CrudRepository.findById(..) with arguments: [2]
2025-02-05 08:23:05 [http-nio-8080-exec-3] INFO  com.Lease.TrimbleCars.AOP.LoggingAspect - Exiting method: CrudRepository.findById(..)
2025-02-05 08:23:05 [http-nio-8080-exec-3] INFO  com.Lease.TrimbleCars.AOP.LoggingAspect - Entering method: CrudRepository.save(..) with arguments: [[!!!com.Lease.TrimbleCars.model.Cars@402d0f10=>org.hibernate.InstantiationException:No default constructor for entity 'com.Lease.TrimbleCars.model.History'!!!]]
2025-02-05 08:23:05 [http-nio-8080-exec-3] INFO  com.Lease.TrimbleCars.AOP.LoggingAspect - Exiting method: CrudRepository.save(..)
2025-02-05 08:23:05 [http-nio-8080-exec-3] INFO  com.Lease.TrimbleCars.AOP.LoggingAspect - Exiting method: CarService.BookByID(..)
2025-02-05 08:23:05 [http-nio-8080-exec-3] INFO  com.Lease.TrimbleCars.AOP.LoggingAspect - Exiting method: EndCustomerController.bookById(..)
2025-02-05 08:28:57 [restartedMain] INFO  com.Lease.TrimbleCars.TrimbleCarsApplication - Starting TrimbleCarsApplication using Java 22.0.2 with PID 7876 (D:\Trimble Interview assessment\TrimbleCars\target\classes started by DELL in D:\Trimble Interview assessment\TrimbleCars)
2025-02-05 08:28:57 [restartedMain] DEBUG com.Lease.TrimbleCars.TrimbleCarsApplication - Running with Spring Boot v3.4.2, Spring v6.2.2
2025-02-05 08:28:57 [restartedMain] INFO  com.Lease.TrimbleCars.TrimbleCarsApplication - No active profile set, falling back to 1 default profile: "default"
2025-02-05 08:29:18 [restartedMain] INFO  com.Lease.TrimbleCars.TrimbleCarsApplication - Started TrimbleCarsApplication in 22.275 seconds (process running for 25.359)
2025-02-05 08:29:27 [http-nio-8080-exec-1] INFO  com.Lease.TrimbleCars.AOP.LoggingAspect - Entering method: EndCustomerController.bookById(..) with arguments: [2, History(orderId=null, LeaserId=2, LeaserName=null, Leaserrole=null, startDate=Wed Jan 15 05:30:00 IST 2025, endDate=null, car=null)]
2025-02-05 08:29:27 [http-nio-8080-exec-1] INFO  com.Lease.TrimbleCars.AOP.LoggingAspect - Entering method: CarService.BookByID(..) with arguments: [2, History(orderId=null, LeaserId=2, LeaserName=null, Leaserrole=null, startDate=Wed Jan 15 05:30:00 IST 2025, endDate=null, car=null)]
2025-02-05 08:29:27 [http-nio-8080-exec-1] INFO  com.Lease.TrimbleCars.AOP.LoggingAspect - Entering method: UserService.getByid(..) with arguments: [2]
2025-02-05 08:29:27 [http-nio-8080-exec-1] INFO  com.Lease.TrimbleCars.AOP.LoggingAspect - Entering method: CrudRepository.findById(..) with arguments: [2]
2025-02-05 08:29:28 [http-nio-8080-exec-1] INFO  com.Lease.TrimbleCars.AOP.LoggingAspect - Exiting method: CrudRepository.findById(..)
2025-02-05 08:29:28 [http-nio-8080-exec-1] INFO  com.Lease.TrimbleCars.AOP.LoggingAspect - Exiting method: UserService.getByid(..)
2025-02-05 08:29:28 [http-nio-8080-exec-1] INFO  com.Lease.TrimbleCars.AOP.LoggingAspect - Entering method: CrudRepository.findById(..) with arguments: [2]
2025-02-05 08:29:28 [http-nio-8080-exec-1] INFO  com.Lease.TrimbleCars.AOP.LoggingAspect - Exiting method: CrudRepository.findById(..)
2025-02-05 08:29:28 [http-nio-8080-exec-1] INFO  com.Lease.TrimbleCars.AOP.LoggingAspect - Entering method: CrudRepository.save(..) with arguments: [[!!!com.Lease.TrimbleCars.model.Cars@69139050=>java.lang.StackOverflowError:null!!!]]
2025-02-05 08:29:28 [http-nio-8080-exec-1] INFO  com.Lease.TrimbleCars.AOP.LoggingAspect - Exiting method: CrudRepository.save(..)
2025-02-05 08:29:28 [http-nio-8080-exec-1] INFO  com.Lease.TrimbleCars.AOP.LoggingAspect - Entering method: UserService.addORupdateUser(..) with arguments: [AppUsers(uid=2, name=Nelson, role=Customer, CountOfActiveLease=0)]
2025-02-05 08:29:28 [http-nio-8080-exec-1] INFO  com.Lease.TrimbleCars.AOP.LoggingAspect - Entering method: CrudRepository.save(..) with arguments: [AppUsers(uid=0, name=Nelson, role=Customer, CountOfActiveLease=0)]
2025-02-05 08:29:28 [http-nio-8080-exec-1] INFO  com.Lease.TrimbleCars.AOP.LoggingAspect - Exiting method: CrudRepository.save(..)
2025-02-05 08:29:28 [http-nio-8080-exec-1] INFO  com.Lease.TrimbleCars.AOP.LoggingAspect - Exiting method: UserService.addORupdateUser(..)
2025-02-05 08:29:28 [http-nio-8080-exec-1] INFO  com.Lease.TrimbleCars.AOP.LoggingAspect - Exiting method: CarService.BookByID(..)
2025-02-05 08:29:28 [http-nio-8080-exec-1] INFO  com.Lease.TrimbleCars.AOP.LoggingAspect - Exiting method: EndCustomerController.bookById(..)
2025-02-05 08:32:19 [http-nio-8080-exec-9] INFO  com.Lease.TrimbleCars.AOP.LoggingAspect - Entering method: EndCustomerController.bookById(..) with arguments: [1, History(orderId=null, LeaserId=2, LeaserName=null, Leaserrole=null, startDate=Wed Jan 15 05:30:00 IST 2025, endDate=null, car=null)]
2025-02-05 08:32:19 [http-nio-8080-exec-9] INFO  com.Lease.TrimbleCars.AOP.LoggingAspect - Entering method: CarService.BookByID(..) with arguments: [1, History(orderId=null, LeaserId=2, LeaserName=null, Leaserrole=null, startDate=Wed Jan 15 05:30:00 IST 2025, endDate=null, car=null)]
2025-02-05 08:32:19 [http-nio-8080-exec-9] INFO  com.Lease.TrimbleCars.AOP.LoggingAspect - Entering method: UserService.getByid(..) with arguments: [2]
2025-02-05 08:32:19 [http-nio-8080-exec-9] INFO  com.Lease.TrimbleCars.AOP.LoggingAspect - Entering method: CrudRepository.findById(..) with arguments: [2]
2025-02-05 08:32:19 [http-nio-8080-exec-9] INFO  com.Lease.TrimbleCars.AOP.LoggingAspect - Exiting method: CrudRepository.findById(..)
2025-02-05 08:32:19 [http-nio-8080-exec-9] INFO  com.Lease.TrimbleCars.AOP.LoggingAspect - Exiting method: UserService.getByid(..)
2025-02-05 08:32:19 [http-nio-8080-exec-9] INFO  com.Lease.TrimbleCars.AOP.LoggingAspect - Entering method: CrudRepository.findById(..) with arguments: [1]
2025-02-05 08:32:19 [http-nio-8080-exec-9] INFO  com.Lease.TrimbleCars.AOP.LoggingAspect - Exiting method: CrudRepository.findById(..)
2025-02-05 08:32:19 [http-nio-8080-exec-9] INFO  com.Lease.TrimbleCars.AOP.LoggingAspect - Entering method: CrudRepository.save(..) with arguments: [[!!!com.Lease.TrimbleCars.model.Cars@27af603c=>java.lang.StackOverflowError:null!!!]]
2025-02-05 08:32:19 [http-nio-8080-exec-9] INFO  com.Lease.TrimbleCars.AOP.LoggingAspect - Exiting method: CrudRepository.save(..)
2025-02-05 08:32:19 [http-nio-8080-exec-9] INFO  com.Lease.TrimbleCars.AOP.LoggingAspect - Entering method: UserService.addORupdateUser(..) with arguments: [AppUsers(uid=2, name=Nelson, role=Customer, CountOfActiveLease=0)]
2025-02-05 08:32:19 [http-nio-8080-exec-9] INFO  com.Lease.TrimbleCars.AOP.LoggingAspect - Entering method: CrudRepository.save(..) with arguments: [AppUsers(uid=0, name=Nelson, role=Customer, CountOfActiveLease=0)]
2025-02-05 08:32:19 [http-nio-8080-exec-9] INFO  com.Lease.TrimbleCars.AOP.LoggingAspect - Exiting method: CrudRepository.save(..)
2025-02-05 08:32:19 [http-nio-8080-exec-9] INFO  com.Lease.TrimbleCars.AOP.LoggingAspect - Exiting method: UserService.addORupdateUser(..)
2025-02-05 08:32:19 [http-nio-8080-exec-9] INFO  com.Lease.TrimbleCars.AOP.LoggingAspect - Exiting method: CarService.BookByID(..)
2025-02-05 08:32:19 [http-nio-8080-exec-9] INFO  com.Lease.TrimbleCars.AOP.LoggingAspect - Exiting method: EndCustomerController.bookById(..)
2025-02-05 08:33:55 [restartedMain] INFO  com.Lease.TrimbleCars.TrimbleCarsApplication - Starting TrimbleCarsApplication using Java 22.0.2 with PID 8236 (D:\Trimble Interview assessment\TrimbleCars\target\classes started by DELL in D:\Trimble Interview assessment\TrimbleCars)
2025-02-05 08:33:56 [restartedMain] DEBUG com.Lease.TrimbleCars.TrimbleCarsApplication - Running with Spring Boot v3.4.2, Spring v6.2.2
2025-02-05 08:33:56 [restartedMain] INFO  com.Lease.TrimbleCars.TrimbleCarsApplication - No active profile set, falling back to 1 default profile: "default"
2025-02-05 08:34:15 [restartedMain] INFO  com.Lease.TrimbleCars.TrimbleCarsApplication - Started TrimbleCarsApplication in 21.28 seconds (process running for 24.228)
2025-02-05 08:34:21 [http-nio-8080-exec-1] INFO  com.Lease.TrimbleCars.AOP.LoggingAspect - Entering method: EndCustomerController.bookById(..) with arguments: [1, History(orderId=null, LeaserId=2, LeaserName=null, Leaserrole=null, startDate=Wed Jan 15 05:30:00 IST 2025, endDate=null, car=null)]
2025-02-05 08:34:21 [http-nio-8080-exec-1] INFO  com.Lease.TrimbleCars.AOP.LoggingAspect - Entering method: CarService.BookByID(..) with arguments: [1, History(orderId=null, LeaserId=2, LeaserName=null, Leaserrole=null, startDate=Wed Jan 15 05:30:00 IST 2025, endDate=null, car=null)]
2025-02-05 08:34:21 [http-nio-8080-exec-1] INFO  com.Lease.TrimbleCars.AOP.LoggingAspect - Entering method: UserService.getByid(..) with arguments: [2]
2025-02-05 08:34:21 [http-nio-8080-exec-1] INFO  com.Lease.TrimbleCars.AOP.LoggingAspect - Entering method: CrudRepository.findById(..) with arguments: [2]
2025-02-05 08:34:21 [http-nio-8080-exec-1] INFO  com.Lease.TrimbleCars.AOP.LoggingAspect - Exiting method: CrudRepository.findById(..)
2025-02-05 08:34:21 [http-nio-8080-exec-1] INFO  com.Lease.TrimbleCars.AOP.LoggingAspect - Exiting method: UserService.getByid(..)
2025-02-05 08:34:21 [http-nio-8080-exec-1] INFO  com.Lease.TrimbleCars.AOP.LoggingAspect - Entering method: CrudRepository.findById(..) with arguments: [1]
2025-02-05 08:34:21 [http-nio-8080-exec-1] INFO  com.Lease.TrimbleCars.AOP.LoggingAspect - Exiting method: CrudRepository.findById(..)
2025-02-05 08:34:21 [http-nio-8080-exec-1] INFO  com.Lease.TrimbleCars.AOP.LoggingAspect - Entering method: CrudRepository.save(..) with arguments: [[!!!com.Lease.TrimbleCars.model.Cars@79bce69c=>java.lang.StackOverflowError:null!!!]]
2025-02-05 08:34:21 [http-nio-8080-exec-1] INFO  com.Lease.TrimbleCars.AOP.LoggingAspect - Exiting method: CrudRepository.save(..)
2025-02-05 08:34:21 [http-nio-8080-exec-1] INFO  com.Lease.TrimbleCars.AOP.LoggingAspect - Entering method: UserService.addORupdateUser(..) with arguments: [AppUsers(uid=2, name=Nelson, role=Customer, CountOfActiveLease=0)]
2025-02-05 08:34:21 [http-nio-8080-exec-1] INFO  com.Lease.TrimbleCars.AOP.LoggingAspect - Entering method: CrudRepository.save(..) with arguments: [AppUsers(uid=2, name=Nelson, role=Customer, CountOfActiveLease=0)]
2025-02-05 08:34:21 [http-nio-8080-exec-1] INFO  com.Lease.TrimbleCars.AOP.LoggingAspect - Exiting method: CrudRepository.save(..)
2025-02-05 08:34:21 [http-nio-8080-exec-1] INFO  com.Lease.TrimbleCars.AOP.LoggingAspect - Exiting method: UserService.addORupdateUser(..)
2025-02-05 08:34:21 [http-nio-8080-exec-1] INFO  com.Lease.TrimbleCars.AOP.LoggingAspect - Exiting method: CarService.BookByID(..)
2025-02-05 08:34:21 [http-nio-8080-exec-1] INFO  com.Lease.TrimbleCars.AOP.LoggingAspect - Exiting method: EndCustomerController.bookById(..)
2025-02-05 08:37:26 [restartedMain] INFO  com.Lease.TrimbleCars.TrimbleCarsApplication - Starting TrimbleCarsApplication using Java 22.0.2 with PID 14936 (D:\Trimble Interview assessment\TrimbleCars\target\classes started by DELL in D:\Trimble Interview assessment\TrimbleCars)
2025-02-05 08:37:26 [restartedMain] DEBUG com.Lease.TrimbleCars.TrimbleCarsApplication - Running with Spring Boot v3.4.2, Spring v6.2.2
2025-02-05 08:37:26 [restartedMain] INFO  com.Lease.TrimbleCars.TrimbleCarsApplication - No active profile set, falling back to 1 default profile: "default"
2025-02-05 08:37:42 [restartedMain] INFO  com.Lease.TrimbleCars.TrimbleCarsApplication - Started TrimbleCarsApplication in 17.806 seconds (process running for 20.631)
2025-02-05 08:38:55 [http-nio-8080-exec-5] INFO  com.Lease.TrimbleCars.AOP.LoggingAspect - Entering method: EndCustomerController.bookById(..) with arguments: [1, History(orderId=null, LeaserId=2, LeaserName=null, Leaserrole=null, startDate=Wed Jan 15 05:30:00 IST 2025, endDate=null, car=null)]
2025-02-05 08:38:55 [http-nio-8080-exec-5] INFO  com.Lease.TrimbleCars.AOP.LoggingAspect - Entering method: CarService.BookByID(..) with arguments: [1, History(orderId=null, LeaserId=2, LeaserName=null, Leaserrole=null, startDate=Wed Jan 15 05:30:00 IST 2025, endDate=null, car=null)]
2025-02-05 08:38:55 [http-nio-8080-exec-5] INFO  com.Lease.TrimbleCars.AOP.LoggingAspect - Entering method: UserService.getByid(..) with arguments: [2]
2025-02-05 08:38:55 [http-nio-8080-exec-5] INFO  com.Lease.TrimbleCars.AOP.LoggingAspect - Entering method: CrudRepository.findById(..) with arguments: [2]
2025-02-05 08:38:55 [http-nio-8080-exec-5] INFO  com.Lease.TrimbleCars.AOP.LoggingAspect - Exiting method: CrudRepository.findById(..)
2025-02-05 08:38:55 [http-nio-8080-exec-5] INFO  com.Lease.TrimbleCars.AOP.LoggingAspect - Exiting method: UserService.getByid(..)
2025-02-05 08:38:55 [http-nio-8080-exec-5] INFO  com.Lease.TrimbleCars.AOP.LoggingAspect - Entering method: CrudRepository.findById(..) with arguments: [1]
2025-02-05 08:38:56 [http-nio-8080-exec-5] INFO  com.Lease.TrimbleCars.AOP.LoggingAspect - Exiting method: CrudRepository.findById(..)
2025-02-05 08:38:56 [http-nio-8080-exec-5] INFO  com.Lease.TrimbleCars.AOP.LoggingAspect - Entering method: CrudRepository.save(..) with arguments: [[!!!com.Lease.TrimbleCars.model.Cars@99eb871=>java.lang.StackOverflowError:null!!!]]
2025-02-05 08:38:56 [http-nio-8080-exec-5] INFO  com.Lease.TrimbleCars.AOP.LoggingAspect - Exiting method: CrudRepository.save(..)
2025-02-05 08:38:56 [http-nio-8080-exec-5] INFO  com.Lease.TrimbleCars.AOP.LoggingAspect - Entering method: UserService.addORupdateUser(..) with arguments: [AppUsers(uid=2, name=Nelson, role=Customer, CountOfActiveLease=0)]
2025-02-05 08:38:56 [http-nio-8080-exec-5] INFO  com.Lease.TrimbleCars.AOP.LoggingAspect - Entering method: CrudRepository.save(..) with arguments: [AppUsers(uid=2, name=Nelson, role=Customer, CountOfActiveLease=0)]
2025-02-05 08:38:56 [http-nio-8080-exec-5] INFO  com.Lease.TrimbleCars.AOP.LoggingAspect - Exiting method: CrudRepository.save(..)
2025-02-05 08:38:56 [http-nio-8080-exec-5] INFO  com.Lease.TrimbleCars.AOP.LoggingAspect - Exiting method: UserService.addORupdateUser(..)
2025-02-05 08:38:56 [http-nio-8080-exec-5] INFO  com.Lease.TrimbleCars.AOP.LoggingAspect - Exiting method: CarService.BookByID(..)
2025-02-05 08:38:56 [http-nio-8080-exec-5] INFO  com.Lease.TrimbleCars.AOP.LoggingAspect - Exiting method: EndCustomerController.bookById(..)
2025-02-05 08:40:56 [restartedMain] INFO  com.Lease.TrimbleCars.TrimbleCarsApplication - Starting TrimbleCarsApplication using Java 22.0.2 with PID 14936 (D:\Trimble Interview assessment\TrimbleCars\target\classes started by DELL in D:\Trimble Interview assessment\TrimbleCars)
2025-02-05 08:40:56 [restartedMain] DEBUG com.Lease.TrimbleCars.TrimbleCarsApplication - Running with Spring Boot v3.4.2, Spring v6.2.2
2025-02-05 08:40:56 [restartedMain] INFO  com.Lease.TrimbleCars.TrimbleCarsApplication - No active profile set, falling back to 1 default profile: "default"
2025-02-05 08:40:58 [restartedMain] INFO  com.Lease.TrimbleCars.TrimbleCarsApplication - Starting TrimbleCarsApplication using Java 22.0.2 with PID 19372 (D:\Trimble Interview assessment\TrimbleCars\target\classes started by DELL in D:\Trimble Interview assessment\TrimbleCars)
2025-02-05 08:40:58 [restartedMain] DEBUG com.Lease.TrimbleCars.TrimbleCarsApplication - Running with Spring Boot v3.4.2, Spring v6.2.2
2025-02-05 08:40:58 [restartedMain] INFO  com.Lease.TrimbleCars.TrimbleCarsApplication - No active profile set, falling back to 1 default profile: "default"
2025-02-05 08:40:59 [restartedMain] INFO  com.Lease.TrimbleCars.TrimbleCarsApplication - Started TrimbleCarsApplication in 3.527 seconds (process running for 217.787)
2025-02-05 08:41:41 [restartedMain] INFO  com.Lease.TrimbleCars.TrimbleCarsApplication - Starting TrimbleCarsApplication using Java 22.0.2 with PID 1904 (D:\Trimble Interview assessment\TrimbleCars\target\classes started by DELL in D:\Trimble Interview assessment\TrimbleCars)
2025-02-05 08:41:41 [restartedMain] DEBUG com.Lease.TrimbleCars.TrimbleCarsApplication - Running with Spring Boot v3.4.2, Spring v6.2.2
2025-02-05 08:41:41 [restartedMain] INFO  com.Lease.TrimbleCars.TrimbleCarsApplication - No active profile set, falling back to 1 default profile: "default"
2025-02-05 08:41:57 [restartedMain] INFO  com.Lease.TrimbleCars.TrimbleCarsApplication - Started TrimbleCarsApplication in 18.677 seconds (process running for 21.554)
2025-02-05 08:42:16 [http-nio-8080-exec-2] INFO  com.Lease.TrimbleCars.AOP.LoggingAspect - Entering method: EndCustomerController.bookById(..) with arguments: [1, History(orderId=null, LeaserId=2, LeaserName=null, Leaserrole=null, startDate=Wed Jan 15 05:30:00 IST 2025, endDate=null, car=null)]
2025-02-05 08:42:16 [http-nio-8080-exec-2] INFO  com.Lease.TrimbleCars.AOP.LoggingAspect - Entering method: CarService.BookByID(..) with arguments: [1, History(orderId=null, LeaserId=2, LeaserName=null, Leaserrole=null, startDate=Wed Jan 15 05:30:00 IST 2025, endDate=null, car=null)]
2025-02-05 08:42:16 [http-nio-8080-exec-2] INFO  com.Lease.TrimbleCars.AOP.LoggingAspect - Entering method: UserService.getByid(..) with arguments: [2]
2025-02-05 08:42:16 [http-nio-8080-exec-2] INFO  com.Lease.TrimbleCars.AOP.LoggingAspect - Entering method: CrudRepository.findById(..) with arguments: [2]
2025-02-05 08:42:16 [http-nio-8080-exec-2] INFO  com.Lease.TrimbleCars.AOP.LoggingAspect - Exiting method: CrudRepository.findById(..)
2025-02-05 08:42:16 [http-nio-8080-exec-2] INFO  com.Lease.TrimbleCars.AOP.LoggingAspect - Exiting method: UserService.getByid(..)
2025-02-05 08:42:16 [http-nio-8080-exec-2] INFO  com.Lease.TrimbleCars.AOP.LoggingAspect - Entering method: CrudRepository.findById(..) with arguments: [1]
2025-02-05 08:42:16 [http-nio-8080-exec-2] INFO  com.Lease.TrimbleCars.AOP.LoggingAspect - Exiting method: CrudRepository.findById(..)
2025-02-05 08:42:16 [http-nio-8080-exec-2] INFO  com.Lease.TrimbleCars.AOP.LoggingAspect - Entering method: CrudRepository.save(..) with arguments: [[!!!com.Lease.TrimbleCars.model.Cars@5200a925=>java.lang.StackOverflowError:null!!!]]
2025-02-05 08:42:16 [http-nio-8080-exec-2] INFO  com.Lease.TrimbleCars.AOP.LoggingAspect - Exiting method: CrudRepository.save(..)
2025-02-05 08:42:16 [http-nio-8080-exec-2] INFO  com.Lease.TrimbleCars.AOP.LoggingAspect - Entering method: UserService.addORupdateUser(..) with arguments: [AppUsers(uid=2, name=Nelson, role=Customer, CountOfActiveLease=0)]
2025-02-05 08:42:16 [http-nio-8080-exec-2] INFO  com.Lease.TrimbleCars.AOP.LoggingAspect - Entering method: CrudRepository.save(..) with arguments: [AppUsers(uid=2, name=Nelson, role=Customer, CountOfActiveLease=0)]
2025-02-05 08:42:16 [http-nio-8080-exec-2] INFO  com.Lease.TrimbleCars.AOP.LoggingAspect - Exiting method: CrudRepository.save(..)
2025-02-05 08:42:16 [http-nio-8080-exec-2] INFO  com.Lease.TrimbleCars.AOP.LoggingAspect - Exiting method: UserService.addORupdateUser(..)
2025-02-05 08:42:16 [http-nio-8080-exec-2] INFO  com.Lease.TrimbleCars.AOP.LoggingAspect - Exiting method: CarService.BookByID(..)
2025-02-05 08:42:16 [http-nio-8080-exec-2] INFO  com.Lease.TrimbleCars.AOP.LoggingAspect - Exiting method: EndCustomerController.bookById(..)
2025-02-05 08:45:33 [restartedMain] INFO  com.Lease.TrimbleCars.TrimbleCarsApplication - Starting TrimbleCarsApplication using Java 22.0.2 with PID 12784 (D:\Trimble Interview assessment\TrimbleCars\target\classes started by DELL in D:\Trimble Interview assessment\TrimbleCars)
2025-02-05 08:45:33 [restartedMain] DEBUG com.Lease.TrimbleCars.TrimbleCarsApplication - Running with Spring Boot v3.4.2, Spring v6.2.2
2025-02-05 08:45:33 [restartedMain] INFO  com.Lease.TrimbleCars.TrimbleCarsApplication - No active profile set, falling back to 1 default profile: "default"
2025-02-05 08:45:52 [restartedMain] INFO  com.Lease.TrimbleCars.TrimbleCarsApplication - Started TrimbleCarsApplication in 21.093 seconds (process running for 24.562)
2025-02-05 08:46:00 [http-nio-8080-exec-2] INFO  com.Lease.TrimbleCars.AOP.LoggingAspect - Entering method: EndCustomerController.bookById(..) with arguments: [1, History(orderId=null, LeaserId=2, LeaserName=null, Leaserrole=null, startDate=Wed Jan 15 05:30:00 IST 2025, endDate=null, car=null)]
2025-02-05 08:46:00 [http-nio-8080-exec-2] INFO  com.Lease.TrimbleCars.AOP.LoggingAspect - Entering method: CarService.BookByID(..) with arguments: [1, History(orderId=null, LeaserId=2, LeaserName=null, Leaserrole=null, startDate=Wed Jan 15 05:30:00 IST 2025, endDate=null, car=null)]
2025-02-05 08:46:00 [http-nio-8080-exec-2] INFO  com.Lease.TrimbleCars.AOP.LoggingAspect - Entering method: UserService.getByid(..) with arguments: [2]
2025-02-05 08:46:00 [http-nio-8080-exec-2] INFO  com.Lease.TrimbleCars.AOP.LoggingAspect - Entering method: CrudRepository.findById(..) with arguments: [2]
2025-02-05 08:46:00 [http-nio-8080-exec-2] INFO  com.Lease.TrimbleCars.AOP.LoggingAspect - Exiting method: CrudRepository.findById(..)
2025-02-05 08:46:00 [http-nio-8080-exec-2] INFO  com.Lease.TrimbleCars.AOP.LoggingAspect - Exiting method: UserService.getByid(..)
2025-02-05 08:46:00 [http-nio-8080-exec-2] INFO  com.Lease.TrimbleCars.AOP.LoggingAspect - Entering method: CrudRepository.findById(..) with arguments: [1]
2025-02-05 08:46:00 [http-nio-8080-exec-2] INFO  com.Lease.TrimbleCars.AOP.LoggingAspect - Exiting method: CrudRepository.findById(..)
2025-02-05 08:46:00 [http-nio-8080-exec-2] INFO  com.Lease.TrimbleCars.AOP.LoggingAspect - Entering method: CrudRepository.save(..) with arguments: [Cars [carId=1, carOwnerId=3, carName=Toyota Camry, carStatus=On Lease]]
2025-02-05 08:46:00 [http-nio-8080-exec-2] INFO  com.Lease.TrimbleCars.AOP.LoggingAspect - Exiting method: CrudRepository.save(..)
2025-02-05 08:46:00 [http-nio-8080-exec-2] INFO  com.Lease.TrimbleCars.AOP.LoggingAspect - Entering method: UserService.addORupdateUser(..) with arguments: [AppUsers(uid=2, name=Nelson, role=Customer, CountOfActiveLease=0)]
2025-02-05 08:46:00 [http-nio-8080-exec-2] INFO  com.Lease.TrimbleCars.AOP.LoggingAspect - Entering method: CrudRepository.save(..) with arguments: [AppUsers(uid=2, name=Nelson, role=Customer, CountOfActiveLease=0)]
2025-02-05 08:46:00 [http-nio-8080-exec-2] INFO  com.Lease.TrimbleCars.AOP.LoggingAspect - Exiting method: CrudRepository.save(..)
2025-02-05 08:46:00 [http-nio-8080-exec-2] INFO  com.Lease.TrimbleCars.AOP.LoggingAspect - Exiting method: UserService.addORupdateUser(..)
2025-02-05 08:46:00 [http-nio-8080-exec-2] INFO  com.Lease.TrimbleCars.AOP.LoggingAspect - Entering method: LeaseHistoryService.createTransaction(..) with arguments: [History(orderId=null, LeaserId=2, LeaserName=Nelson, Leaserrole=Customer, startDate=Wed Jan 15 05:30:00 IST 2025, endDate=null, car=Cars [carId=1, carOwnerId=3, carName=Toyota Camry, carStatus=On Lease])]
2025-02-05 08:46:00 [http-nio-8080-exec-2] INFO  com.Lease.TrimbleCars.AOP.LoggingAspect - Entering method: CrudRepository.save(..) with arguments: [History(orderId=null, LeaserId=2, LeaserName=Nelson, Leaserrole=Customer, startDate=Wed Jan 15 05:30:00 IST 2025, endDate=null, car=Cars [carId=1, carOwnerId=3, carName=Toyota Camry, carStatus=On Lease])]
2025-02-05 08:46:00 [http-nio-8080-exec-2] INFO  com.Lease.TrimbleCars.AOP.LoggingAspect - Exiting method: CrudRepository.save(..)
2025-02-05 08:46:00 [http-nio-8080-exec-2] INFO  com.Lease.TrimbleCars.AOP.LoggingAspect - Exiting method: LeaseHistoryService.createTransaction(..)
2025-02-05 08:46:00 [http-nio-8080-exec-2] INFO  com.Lease.TrimbleCars.AOP.LoggingAspect - Exiting method: CarService.BookByID(..)
2025-02-05 08:46:00 [http-nio-8080-exec-2] INFO  com.Lease.TrimbleCars.AOP.LoggingAspect - Exiting method: EndCustomerController.bookById(..)
2025-02-05 08:46:22 [http-nio-8080-exec-3] INFO  com.Lease.TrimbleCars.AOP.LoggingAspect - Entering method: EndCustomerController.bookById(..) with arguments: [1, History(orderId=null, LeaserId=1, LeaserName=null, Leaserrole=null, startDate=Wed Jan 15 05:30:00 IST 2025, endDate=null, car=null)]
2025-02-05 08:46:22 [http-nio-8080-exec-3] INFO  com.Lease.TrimbleCars.AOP.LoggingAspect - Entering method: CarService.BookByID(..) with arguments: [1, History(orderId=null, LeaserId=1, LeaserName=null, Leaserrole=null, startDate=Wed Jan 15 05:30:00 IST 2025, endDate=null, car=null)]
2025-02-05 08:46:22 [http-nio-8080-exec-3] INFO  com.Lease.TrimbleCars.AOP.LoggingAspect - Entering method: UserService.getByid(..) with arguments: [1]
2025-02-05 08:46:22 [http-nio-8080-exec-3] INFO  com.Lease.TrimbleCars.AOP.LoggingAspect - Entering method: CrudRepository.findById(..) with arguments: [1]
2025-02-05 08:46:22 [http-nio-8080-exec-3] INFO  com.Lease.TrimbleCars.AOP.LoggingAspect - Exiting method: CrudRepository.findById(..)
2025-02-05 08:46:22 [http-nio-8080-exec-3] INFO  com.Lease.TrimbleCars.AOP.LoggingAspect - Exiting method: UserService.getByid(..)
2025-02-05 08:46:22 [http-nio-8080-exec-3] INFO  com.Lease.TrimbleCars.AOP.LoggingAspect - Entering method: CrudRepository.findById(..) with arguments: [1]
2025-02-05 08:46:22 [http-nio-8080-exec-3] INFO  com.Lease.TrimbleCars.AOP.LoggingAspect - Exiting method: CrudRepository.findById(..)
2025-02-05 08:46:22 [http-nio-8080-exec-3] INFO  com.Lease.TrimbleCars.AOP.LoggingAspect - Entering method: CrudRepository.save(..) with arguments: [Cars [carId=1, carOwnerId=3, carName=Toyota Camry, carStatus=On Lease]]
2025-02-05 08:46:22 [http-nio-8080-exec-3] INFO  com.Lease.TrimbleCars.AOP.LoggingAspect - Exiting method: CrudRepository.save(..)
2025-02-05 08:46:22 [http-nio-8080-exec-3] INFO  com.Lease.TrimbleCars.AOP.LoggingAspect - Entering method: UserService.addORupdateUser(..) with arguments: [AppUsers(uid=1, name=Blesson, role=Admin, CountOfActiveLease=0)]
2025-02-05 08:46:22 [http-nio-8080-exec-3] INFO  com.Lease.TrimbleCars.AOP.LoggingAspect - Entering method: CrudRepository.save(..) with arguments: [AppUsers(uid=1, name=Blesson, role=Admin, CountOfActiveLease=0)]
2025-02-05 08:46:22 [http-nio-8080-exec-3] INFO  com.Lease.TrimbleCars.AOP.LoggingAspect - Exiting method: CrudRepository.save(..)
2025-02-05 08:46:22 [http-nio-8080-exec-3] INFO  com.Lease.TrimbleCars.AOP.LoggingAspect - Exiting method: UserService.addORupdateUser(..)
2025-02-05 08:46:22 [http-nio-8080-exec-3] INFO  com.Lease.TrimbleCars.AOP.LoggingAspect - Entering method: LeaseHistoryService.createTransaction(..) with arguments: [History(orderId=null, LeaserId=1, LeaserName=Blesson, Leaserrole=Admin, startDate=Wed Jan 15 05:30:00 IST 2025, endDate=null, car=Cars [carId=1, carOwnerId=3, carName=Toyota Camry, carStatus=On Lease])]
2025-02-05 08:46:22 [http-nio-8080-exec-3] INFO  com.Lease.TrimbleCars.AOP.LoggingAspect - Entering method: CrudRepository.save(..) with arguments: [History(orderId=null, LeaserId=1, LeaserName=Blesson, Leaserrole=Admin, startDate=Wed Jan 15 05:30:00 IST 2025, endDate=null, car=Cars [carId=1, carOwnerId=3, carName=Toyota Camry, carStatus=On Lease])]
2025-02-05 08:46:22 [http-nio-8080-exec-3] INFO  com.Lease.TrimbleCars.AOP.LoggingAspect - Exiting method: CrudRepository.save(..)
2025-02-05 08:46:22 [http-nio-8080-exec-3] INFO  com.Lease.TrimbleCars.AOP.LoggingAspect - Exiting method: LeaseHistoryService.createTransaction(..)
2025-02-05 08:46:22 [http-nio-8080-exec-3] INFO  com.Lease.TrimbleCars.AOP.LoggingAspect - Exiting method: CarService.BookByID(..)
2025-02-05 08:46:22 [http-nio-8080-exec-3] INFO  com.Lease.TrimbleCars.AOP.LoggingAspect - Exiting method: EndCustomerController.bookById(..)
2025-02-05 08:46:40 [http-nio-8080-exec-4] INFO  com.Lease.TrimbleCars.AOP.LoggingAspect - Entering method: EndCustomerController.bookById(..) with arguments: [1, History(orderId=null, LeaserId=2, LeaserName=null, Leaserrole=null, startDate=Wed Jan 15 05:30:00 IST 2025, endDate=null, car=null)]
2025-02-05 08:46:40 [http-nio-8080-exec-4] INFO  com.Lease.TrimbleCars.AOP.LoggingAspect - Entering method: CarService.BookByID(..) with arguments: [1, History(orderId=null, LeaserId=2, LeaserName=null, Leaserrole=null, startDate=Wed Jan 15 05:30:00 IST 2025, endDate=null, car=null)]
2025-02-05 08:46:40 [http-nio-8080-exec-4] INFO  com.Lease.TrimbleCars.AOP.LoggingAspect - Entering method: UserService.getByid(..) with arguments: [2]
2025-02-05 08:46:40 [http-nio-8080-exec-4] INFO  com.Lease.TrimbleCars.AOP.LoggingAspect - Entering method: CrudRepository.findById(..) with arguments: [2]
2025-02-05 08:46:40 [http-nio-8080-exec-4] INFO  com.Lease.TrimbleCars.AOP.LoggingAspect - Exiting method: CrudRepository.findById(..)
2025-02-05 08:46:40 [http-nio-8080-exec-4] INFO  com.Lease.TrimbleCars.AOP.LoggingAspect - Exiting method: UserService.getByid(..)
2025-02-05 08:46:40 [http-nio-8080-exec-4] INFO  com.Lease.TrimbleCars.AOP.LoggingAspect - Entering method: CrudRepository.findById(..) with arguments: [1]
2025-02-05 08:46:40 [http-nio-8080-exec-4] INFO  com.Lease.TrimbleCars.AOP.LoggingAspect - Exiting method: CrudRepository.findById(..)
2025-02-05 08:46:40 [http-nio-8080-exec-4] INFO  com.Lease.TrimbleCars.AOP.LoggingAspect - Entering method: CrudRepository.save(..) with arguments: [Cars [carId=1, carOwnerId=3, carName=Toyota Camry, carStatus=On Lease]]
2025-02-05 08:46:40 [http-nio-8080-exec-4] INFO  com.Lease.TrimbleCars.AOP.LoggingAspect - Exiting method: CrudRepository.save(..)
2025-02-05 08:46:40 [http-nio-8080-exec-4] INFO  com.Lease.TrimbleCars.AOP.LoggingAspect - Entering method: UserService.addORupdateUser(..) with arguments: [AppUsers(uid=2, name=Nelson, role=Customer, CountOfActiveLease=0)]
2025-02-05 08:46:40 [http-nio-8080-exec-4] INFO  com.Lease.TrimbleCars.AOP.LoggingAspect - Entering method: CrudRepository.save(..) with arguments: [AppUsers(uid=2, name=Nelson, role=Customer, CountOfActiveLease=0)]
2025-02-05 08:46:40 [http-nio-8080-exec-4] INFO  com.Lease.TrimbleCars.AOP.LoggingAspect - Exiting method: CrudRepository.save(..)
2025-02-05 08:46:40 [http-nio-8080-exec-4] INFO  com.Lease.TrimbleCars.AOP.LoggingAspect - Exiting method: UserService.addORupdateUser(..)
2025-02-05 08:46:40 [http-nio-8080-exec-4] INFO  com.Lease.TrimbleCars.AOP.LoggingAspect - Entering method: LeaseHistoryService.createTransaction(..) with arguments: [History(orderId=null, LeaserId=2, LeaserName=Nelson, Leaserrole=Customer, startDate=Wed Jan 15 05:30:00 IST 2025, endDate=null, car=Cars [carId=1, carOwnerId=3, carName=Toyota Camry, carStatus=On Lease])]
2025-02-05 08:46:40 [http-nio-8080-exec-4] INFO  com.Lease.TrimbleCars.AOP.LoggingAspect - Entering method: CrudRepository.save(..) with arguments: [History(orderId=null, LeaserId=2, LeaserName=Nelson, Leaserrole=Customer, startDate=Wed Jan 15 05:30:00 IST 2025, endDate=null, car=Cars [carId=1, carOwnerId=3, carName=Toyota Camry, carStatus=On Lease])]
2025-02-05 08:46:40 [http-nio-8080-exec-4] INFO  com.Lease.TrimbleCars.AOP.LoggingAspect - Exiting method: CrudRepository.save(..)
2025-02-05 08:46:40 [http-nio-8080-exec-4] INFO  com.Lease.TrimbleCars.AOP.LoggingAspect - Exiting method: LeaseHistoryService.createTransaction(..)
2025-02-05 08:46:40 [http-nio-8080-exec-4] INFO  com.Lease.TrimbleCars.AOP.LoggingAspect - Exiting method: CarService.BookByID(..)
2025-02-05 08:46:40 [http-nio-8080-exec-4] INFO  com.Lease.TrimbleCars.AOP.LoggingAspect - Exiting method: EndCustomerController.bookById(..)
2025-02-05 08:46:50 [http-nio-8080-exec-5] INFO  com.Lease.TrimbleCars.AOP.LoggingAspect - Entering method: EndCustomerController.bookById(..) with arguments: [1, History(orderId=null, LeaserId=2, LeaserName=null, Leaserrole=null, startDate=Wed Jan 15 05:30:00 IST 2025, endDate=null, car=null)]
2025-02-05 08:46:50 [http-nio-8080-exec-5] INFO  com.Lease.TrimbleCars.AOP.LoggingAspect - Entering method: CarService.BookByID(..) with arguments: [1, History(orderId=null, LeaserId=2, LeaserName=null, Leaserrole=null, startDate=Wed Jan 15 05:30:00 IST 2025, endDate=null, car=null)]
2025-02-05 08:46:50 [http-nio-8080-exec-5] INFO  com.Lease.TrimbleCars.AOP.LoggingAspect - Entering method: UserService.getByid(..) with arguments: [2]
2025-02-05 08:46:50 [http-nio-8080-exec-5] INFO  com.Lease.TrimbleCars.AOP.LoggingAspect - Entering method: CrudRepository.findById(..) with arguments: [2]
2025-02-05 08:46:50 [http-nio-8080-exec-5] INFO  com.Lease.TrimbleCars.AOP.LoggingAspect - Exiting method: CrudRepository.findById(..)
2025-02-05 08:46:50 [http-nio-8080-exec-5] INFO  com.Lease.TrimbleCars.AOP.LoggingAspect - Exiting method: UserService.getByid(..)
2025-02-05 08:46:50 [http-nio-8080-exec-5] INFO  com.Lease.TrimbleCars.AOP.LoggingAspect - Entering method: CrudRepository.findById(..) with arguments: [1]
2025-02-05 08:46:50 [http-nio-8080-exec-5] INFO  com.Lease.TrimbleCars.AOP.LoggingAspect - Exiting method: CrudRepository.findById(..)
2025-02-05 08:46:50 [http-nio-8080-exec-5] INFO  com.Lease.TrimbleCars.AOP.LoggingAspect - Entering method: CrudRepository.save(..) with arguments: [Cars [carId=1, carOwnerId=3, carName=Toyota Camry, carStatus=On Lease]]
2025-02-05 08:46:50 [http-nio-8080-exec-5] INFO  com.Lease.TrimbleCars.AOP.LoggingAspect - Exiting method: CrudRepository.save(..)
2025-02-05 08:46:50 [http-nio-8080-exec-5] INFO  com.Lease.TrimbleCars.AOP.LoggingAspect - Entering method: UserService.addORupdateUser(..) with arguments: [AppUsers(uid=2, name=Nelson, role=Customer, CountOfActiveLease=0)]
2025-02-05 08:46:50 [http-nio-8080-exec-5] INFO  com.Lease.TrimbleCars.AOP.LoggingAspect - Entering method: CrudRepository.save(..) with arguments: [AppUsers(uid=2, name=Nelson, role=Customer, CountOfActiveLease=0)]
2025-02-05 08:46:50 [http-nio-8080-exec-5] INFO  com.Lease.TrimbleCars.AOP.LoggingAspect - Exiting method: CrudRepository.save(..)
2025-02-05 08:46:50 [http-nio-8080-exec-5] INFO  com.Lease.TrimbleCars.AOP.LoggingAspect - Exiting method: UserService.addORupdateUser(..)
2025-02-05 08:46:50 [http-nio-8080-exec-5] INFO  com.Lease.TrimbleCars.AOP.LoggingAspect - Entering method: LeaseHistoryService.createTransaction(..) with arguments: [History(orderId=null, LeaserId=2, LeaserName=Nelson, Leaserrole=Customer, startDate=Wed Jan 15 05:30:00 IST 2025, endDate=null, car=Cars [carId=1, carOwnerId=3, carName=Toyota Camry, carStatus=On Lease])]
2025-02-05 08:46:50 [http-nio-8080-exec-5] INFO  com.Lease.TrimbleCars.AOP.LoggingAspect - Entering method: CrudRepository.save(..) with arguments: [History(orderId=null, LeaserId=2, LeaserName=Nelson, Leaserrole=Customer, startDate=Wed Jan 15 05:30:00 IST 2025, endDate=null, car=Cars [carId=1, carOwnerId=3, carName=Toyota Camry, carStatus=On Lease])]
2025-02-05 08:46:50 [http-nio-8080-exec-5] INFO  com.Lease.TrimbleCars.AOP.LoggingAspect - Exiting method: CrudRepository.save(..)
2025-02-05 08:46:50 [http-nio-8080-exec-5] INFO  com.Lease.TrimbleCars.AOP.LoggingAspect - Exiting method: LeaseHistoryService.createTransaction(..)
2025-02-05 08:46:50 [http-nio-8080-exec-5] INFO  com.Lease.TrimbleCars.AOP.LoggingAspect - Exiting method: CarService.BookByID(..)
2025-02-05 08:46:50 [http-nio-8080-exec-5] INFO  com.Lease.TrimbleCars.AOP.LoggingAspect - Exiting method: EndCustomerController.bookById(..)
2025-02-05 08:46:51 [http-nio-8080-exec-6] INFO  com.Lease.TrimbleCars.AOP.LoggingAspect - Entering method: EndCustomerController.bookById(..) with arguments: [1, History(orderId=null, LeaserId=2, LeaserName=null, Leaserrole=null, startDate=Wed Jan 15 05:30:00 IST 2025, endDate=null, car=null)]
2025-02-05 08:46:51 [http-nio-8080-exec-6] INFO  com.Lease.TrimbleCars.AOP.LoggingAspect - Entering method: CarService.BookByID(..) with arguments: [1, History(orderId=null, LeaserId=2, LeaserName=null, Leaserrole=null, startDate=Wed Jan 15 05:30:00 IST 2025, endDate=null, car=null)]
2025-02-05 08:46:51 [http-nio-8080-exec-6] INFO  com.Lease.TrimbleCars.AOP.LoggingAspect - Entering method: UserService.getByid(..) with arguments: [2]
2025-02-05 08:46:51 [http-nio-8080-exec-6] INFO  com.Lease.TrimbleCars.AOP.LoggingAspect - Entering method: CrudRepository.findById(..) with arguments: [2]
2025-02-05 08:46:51 [http-nio-8080-exec-6] INFO  com.Lease.TrimbleCars.AOP.LoggingAspect - Exiting method: CrudRepository.findById(..)
2025-02-05 08:46:51 [http-nio-8080-exec-6] INFO  com.Lease.TrimbleCars.AOP.LoggingAspect - Exiting method: UserService.getByid(..)
2025-02-05 08:46:51 [http-nio-8080-exec-6] INFO  com.Lease.TrimbleCars.AOP.LoggingAspect - Entering method: CrudRepository.findById(..) with arguments: [1]
2025-02-05 08:46:51 [http-nio-8080-exec-6] INFO  com.Lease.TrimbleCars.AOP.LoggingAspect - Exiting method: CrudRepository.findById(..)
2025-02-05 08:46:51 [http-nio-8080-exec-6] INFO  com.Lease.TrimbleCars.AOP.LoggingAspect - Entering method: CrudRepository.save(..) with arguments: [Cars [carId=1, carOwnerId=3, carName=Toyota Camry, carStatus=On Lease]]
2025-02-05 08:46:51 [http-nio-8080-exec-6] INFO  com.Lease.TrimbleCars.AOP.LoggingAspect - Exiting method: CrudRepository.save(..)
2025-02-05 08:46:51 [http-nio-8080-exec-6] INFO  com.Lease.TrimbleCars.AOP.LoggingAspect - Entering method: UserService.addORupdateUser(..) with arguments: [AppUsers(uid=2, name=Nelson, role=Customer, CountOfActiveLease=0)]
2025-02-05 08:46:51 [http-nio-8080-exec-6] INFO  com.Lease.TrimbleCars.AOP.LoggingAspect - Entering method: CrudRepository.save(..) with arguments: [AppUsers(uid=2, name=Nelson, role=Customer, CountOfActiveLease=0)]
2025-02-05 08:46:51 [http-nio-8080-exec-6] INFO  com.Lease.TrimbleCars.AOP.LoggingAspect - Exiting method: CrudRepository.save(..)
2025-02-05 08:46:51 [http-nio-8080-exec-6] INFO  com.Lease.TrimbleCars.AOP.LoggingAspect - Exiting method: UserService.addORupdateUser(..)
2025-02-05 08:46:51 [http-nio-8080-exec-6] INFO  com.Lease.TrimbleCars.AOP.LoggingAspect - Entering method: LeaseHistoryService.createTransaction(..) with arguments: [History(orderId=null, LeaserId=2, LeaserName=Nelson, Leaserrole=Customer, startDate=Wed Jan 15 05:30:00 IST 2025, endDate=null, car=Cars [carId=1, carOwnerId=3, carName=Toyota Camry, carStatus=On Lease])]
2025-02-05 08:46:51 [http-nio-8080-exec-6] INFO  com.Lease.TrimbleCars.AOP.LoggingAspect - Entering method: CrudRepository.save(..) with arguments: [History(orderId=null, LeaserId=2, LeaserName=Nelson, Leaserrole=Customer, startDate=Wed Jan 15 05:30:00 IST 2025, endDate=null, car=Cars [carId=1, carOwnerId=3, carName=Toyota Camry, carStatus=On Lease])]
2025-02-05 08:46:51 [http-nio-8080-exec-6] INFO  com.Lease.TrimbleCars.AOP.LoggingAspect - Exiting method: CrudRepository.save(..)
2025-02-05 08:46:51 [http-nio-8080-exec-6] INFO  com.Lease.TrimbleCars.AOP.LoggingAspect - Exiting method: LeaseHistoryService.createTransaction(..)
2025-02-05 08:46:51 [http-nio-8080-exec-6] INFO  com.Lease.TrimbleCars.AOP.LoggingAspect - Exiting method: CarService.BookByID(..)
2025-02-05 08:46:51 [http-nio-8080-exec-6] INFO  com.Lease.TrimbleCars.AOP.LoggingAspect - Exiting method: EndCustomerController.bookById(..)
2025-02-05 08:48:22 [restartedMain] INFO  com.Lease.TrimbleCars.TrimbleCarsApplication - Starting TrimbleCarsApplication using Java 22.0.2 with PID 18744 (D:\Trimble Interview assessment\TrimbleCars\target\classes started by DELL in D:\Trimble Interview assessment\TrimbleCars)
2025-02-05 08:48:22 [restartedMain] DEBUG com.Lease.TrimbleCars.TrimbleCarsApplication - Running with Spring Boot v3.4.2, Spring v6.2.2
2025-02-05 08:48:22 [restartedMain] INFO  com.Lease.TrimbleCars.TrimbleCarsApplication - No active profile set, falling back to 1 default profile: "default"
2025-02-05 08:48:44 [restartedMain] INFO  com.Lease.TrimbleCars.TrimbleCarsApplication - Started TrimbleCarsApplication in 24.136 seconds (process running for 26.877)
2025-02-05 08:49:14 [http-nio-8080-exec-2] INFO  com.Lease.TrimbleCars.AOP.LoggingAspect - Entering method: EndCustomerController.bookById(..) with arguments: [1, History(orderId=null, LeaserId=2, LeaserName=null, Leaserrole=null, startDate=Wed Jan 15 05:30:00 IST 2025, endDate=null, car=null)]
2025-02-05 08:49:14 [http-nio-8080-exec-2] INFO  com.Lease.TrimbleCars.AOP.LoggingAspect - Entering method: CarService.BookByID(..) with arguments: [1, History(orderId=null, LeaserId=2, LeaserName=null, Leaserrole=null, startDate=Wed Jan 15 05:30:00 IST 2025, endDate=null, car=null)]
2025-02-05 08:49:14 [http-nio-8080-exec-2] INFO  com.Lease.TrimbleCars.AOP.LoggingAspect - Entering method: UserService.getByid(..) with arguments: [2]
2025-02-05 08:49:14 [http-nio-8080-exec-2] INFO  com.Lease.TrimbleCars.AOP.LoggingAspect - Entering method: CrudRepository.findById(..) with arguments: [2]
2025-02-05 08:49:14 [http-nio-8080-exec-2] INFO  com.Lease.TrimbleCars.AOP.LoggingAspect - Exiting method: CrudRepository.findById(..)
2025-02-05 08:49:14 [http-nio-8080-exec-2] INFO  com.Lease.TrimbleCars.AOP.LoggingAspect - Exiting method: UserService.getByid(..)
2025-02-05 08:49:14 [http-nio-8080-exec-2] INFO  com.Lease.TrimbleCars.AOP.LoggingAspect - Entering method: CrudRepository.findById(..) with arguments: [1]
2025-02-05 08:49:14 [http-nio-8080-exec-2] INFO  com.Lease.TrimbleCars.AOP.LoggingAspect - Exiting method: CrudRepository.findById(..)
2025-02-05 08:49:14 [http-nio-8080-exec-2] INFO  com.Lease.TrimbleCars.AOP.LoggingAspect - Entering method: CrudRepository.save(..) with arguments: [Cars [carId=1, carOwnerId=3, carName=Toyota Camry, carStatus=On Lease]]
2025-02-05 08:49:14 [http-nio-8080-exec-2] INFO  com.Lease.TrimbleCars.AOP.LoggingAspect - Exiting method: CrudRepository.save(..)
2025-02-05 08:49:14 [http-nio-8080-exec-2] INFO  com.Lease.TrimbleCars.AOP.LoggingAspect - Entering method: UserService.addORupdateUser(..) with arguments: [AppUsers(uid=2, name=Nelson, role=Customer, CountOfActiveLease=1)]
2025-02-05 08:49:14 [http-nio-8080-exec-2] INFO  com.Lease.TrimbleCars.AOP.LoggingAspect - Entering method: CrudRepository.save(..) with arguments: [AppUsers(uid=2, name=Nelson, role=Customer, CountOfActiveLease=1)]
2025-02-05 08:49:14 [http-nio-8080-exec-2] INFO  com.Lease.TrimbleCars.AOP.LoggingAspect - Exiting method: CrudRepository.save(..)
2025-02-05 08:49:14 [http-nio-8080-exec-2] INFO  com.Lease.TrimbleCars.AOP.LoggingAspect - Exiting method: UserService.addORupdateUser(..)
2025-02-05 08:49:14 [http-nio-8080-exec-2] INFO  com.Lease.TrimbleCars.AOP.LoggingAspect - Entering method: LeaseHistoryService.createTransaction(..) with arguments: [History(orderId=null, LeaserId=2, LeaserName=Nelson, Leaserrole=Customer, startDate=Wed Jan 15 05:30:00 IST 2025, endDate=null, car=Cars [carId=1, carOwnerId=3, carName=Toyota Camry, carStatus=On Lease])]
2025-02-05 08:49:14 [http-nio-8080-exec-2] INFO  com.Lease.TrimbleCars.AOP.LoggingAspect - Entering method: CrudRepository.save(..) with arguments: [History(orderId=null, LeaserId=2, LeaserName=Nelson, Leaserrole=Customer, startDate=Wed Jan 15 05:30:00 IST 2025, endDate=null, car=Cars [carId=1, carOwnerId=3, carName=Toyota Camry, carStatus=On Lease])]
2025-02-05 08:49:14 [http-nio-8080-exec-2] INFO  com.Lease.TrimbleCars.AOP.LoggingAspect - Exiting method: CrudRepository.save(..)
2025-02-05 08:49:14 [http-nio-8080-exec-2] INFO  com.Lease.TrimbleCars.AOP.LoggingAspect - Exiting method: LeaseHistoryService.createTransaction(..)
2025-02-05 08:49:14 [http-nio-8080-exec-2] INFO  com.Lease.TrimbleCars.AOP.LoggingAspect - Exiting method: CarService.BookByID(..)
2025-02-05 08:49:14 [http-nio-8080-exec-2] INFO  com.Lease.TrimbleCars.AOP.LoggingAspect - Exiting method: EndCustomerController.bookById(..)
2025-02-05 08:49:21 [http-nio-8080-exec-3] INFO  com.Lease.TrimbleCars.AOP.LoggingAspect - Entering method: EndCustomerController.bookById(..) with arguments: [2, History(orderId=null, LeaserId=2, LeaserName=null, Leaserrole=null, startDate=Wed Jan 15 05:30:00 IST 2025, endDate=null, car=null)]
2025-02-05 08:49:21 [http-nio-8080-exec-3] INFO  com.Lease.TrimbleCars.AOP.LoggingAspect - Entering method: CarService.BookByID(..) with arguments: [2, History(orderId=null, LeaserId=2, LeaserName=null, Leaserrole=null, startDate=Wed Jan 15 05:30:00 IST 2025, endDate=null, car=null)]
2025-02-05 08:49:21 [http-nio-8080-exec-3] INFO  com.Lease.TrimbleCars.AOP.LoggingAspect - Entering method: UserService.getByid(..) with arguments: [2]
2025-02-05 08:49:21 [http-nio-8080-exec-3] INFO  com.Lease.TrimbleCars.AOP.LoggingAspect - Entering method: CrudRepository.findById(..) with arguments: [2]
2025-02-05 08:49:21 [http-nio-8080-exec-3] INFO  com.Lease.TrimbleCars.AOP.LoggingAspect - Exiting method: CrudRepository.findById(..)
2025-02-05 08:49:21 [http-nio-8080-exec-3] INFO  com.Lease.TrimbleCars.AOP.LoggingAspect - Exiting method: UserService.getByid(..)
2025-02-05 08:49:21 [http-nio-8080-exec-3] INFO  com.Lease.TrimbleCars.AOP.LoggingAspect - Entering method: CrudRepository.findById(..) with arguments: [2]
2025-02-05 08:49:21 [http-nio-8080-exec-3] INFO  com.Lease.TrimbleCars.AOP.LoggingAspect - Exiting method: CrudRepository.findById(..)
2025-02-05 08:49:21 [http-nio-8080-exec-3] INFO  com.Lease.TrimbleCars.AOP.LoggingAspect - Entering method: CrudRepository.save(..) with arguments: [Cars [carId=2, carOwnerId=3, carName=BMW , carStatus=On Lease]]
2025-02-05 08:49:21 [http-nio-8080-exec-3] INFO  com.Lease.TrimbleCars.AOP.LoggingAspect - Exiting method: CrudRepository.save(..)
2025-02-05 08:49:21 [http-nio-8080-exec-3] INFO  com.Lease.TrimbleCars.AOP.LoggingAspect - Entering method: UserService.addORupdateUser(..) with arguments: [AppUsers(uid=2, name=Nelson, role=Customer, CountOfActiveLease=2)]
2025-02-05 08:49:21 [http-nio-8080-exec-3] INFO  com.Lease.TrimbleCars.AOP.LoggingAspect - Entering method: CrudRepository.save(..) with arguments: [AppUsers(uid=2, name=Nelson, role=Customer, CountOfActiveLease=2)]
2025-02-05 08:49:21 [http-nio-8080-exec-3] INFO  com.Lease.TrimbleCars.AOP.LoggingAspect - Exiting method: CrudRepository.save(..)
2025-02-05 08:49:21 [http-nio-8080-exec-3] INFO  com.Lease.TrimbleCars.AOP.LoggingAspect - Exiting method: UserService.addORupdateUser(..)
2025-02-05 08:49:21 [http-nio-8080-exec-3] INFO  com.Lease.TrimbleCars.AOP.LoggingAspect - Entering method: LeaseHistoryService.createTransaction(..) with arguments: [History(orderId=null, LeaserId=2, LeaserName=Nelson, Leaserrole=Customer, startDate=Wed Jan 15 05:30:00 IST 2025, endDate=null, car=Cars [carId=2, carOwnerId=3, carName=BMW , carStatus=On Lease])]
2025-02-05 08:49:21 [http-nio-8080-exec-3] INFO  com.Lease.TrimbleCars.AOP.LoggingAspect - Entering method: CrudRepository.save(..) with arguments: [History(orderId=null, LeaserId=2, LeaserName=Nelson, Leaserrole=Customer, startDate=Wed Jan 15 05:30:00 IST 2025, endDate=null, car=Cars [carId=2, carOwnerId=3, carName=BMW , carStatus=On Lease])]
2025-02-05 08:49:21 [http-nio-8080-exec-3] INFO  com.Lease.TrimbleCars.AOP.LoggingAspect - Exiting method: CrudRepository.save(..)
2025-02-05 08:49:21 [http-nio-8080-exec-3] INFO  com.Lease.TrimbleCars.AOP.LoggingAspect - Exiting method: LeaseHistoryService.createTransaction(..)
2025-02-05 08:49:21 [http-nio-8080-exec-3] INFO  com.Lease.TrimbleCars.AOP.LoggingAspect - Exiting method: CarService.BookByID(..)
2025-02-05 08:49:21 [http-nio-8080-exec-3] INFO  com.Lease.TrimbleCars.AOP.LoggingAspect - Exiting method: EndCustomerController.bookById(..)
2025-02-05 08:49:29 [http-nio-8080-exec-4] INFO  com.Lease.TrimbleCars.AOP.LoggingAspect - Entering method: EndCustomerController.bookById(..) with arguments: [1, History(orderId=null, LeaserId=2, LeaserName=null, Leaserrole=null, startDate=Wed Jan 15 05:30:00 IST 2025, endDate=null, car=null)]
2025-02-05 08:49:29 [http-nio-8080-exec-4] INFO  com.Lease.TrimbleCars.AOP.LoggingAspect - Entering method: CarService.BookByID(..) with arguments: [1, History(orderId=null, LeaserId=2, LeaserName=null, Leaserrole=null, startDate=Wed Jan 15 05:30:00 IST 2025, endDate=null, car=null)]
2025-02-05 08:49:29 [http-nio-8080-exec-4] INFO  com.Lease.TrimbleCars.AOP.LoggingAspect - Entering method: UserService.getByid(..) with arguments: [2]
2025-02-05 08:49:29 [http-nio-8080-exec-4] INFO  com.Lease.TrimbleCars.AOP.LoggingAspect - Entering method: CrudRepository.findById(..) with arguments: [2]
2025-02-05 08:49:29 [http-nio-8080-exec-4] INFO  com.Lease.TrimbleCars.AOP.LoggingAspect - Exiting method: CrudRepository.findById(..)
2025-02-05 08:49:29 [http-nio-8080-exec-4] INFO  com.Lease.TrimbleCars.AOP.LoggingAspect - Exiting method: UserService.getByid(..)
2025-02-05 08:49:29 [http-nio-8080-exec-4] INFO  com.Lease.TrimbleCars.AOP.LoggingAspect - Entering method: CrudRepository.findById(..) with arguments: [1]
2025-02-05 08:49:29 [http-nio-8080-exec-4] INFO  com.Lease.TrimbleCars.AOP.LoggingAspect - Exiting method: CrudRepository.findById(..)
2025-02-05 08:49:29 [http-nio-8080-exec-4] INFO  com.Lease.TrimbleCars.AOP.LoggingAspect - Entering method: CrudRepository.save(..) with arguments: [Cars [carId=1, carOwnerId=3, carName=Toyota Camry, carStatus=On Lease]]
2025-02-05 08:49:29 [http-nio-8080-exec-4] INFO  com.Lease.TrimbleCars.AOP.LoggingAspect - Exiting method: CrudRepository.save(..)
2025-02-05 08:49:29 [http-nio-8080-exec-4] INFO  com.Lease.TrimbleCars.AOP.LoggingAspect - Entering method: UserService.addORupdateUser(..) with arguments: [AppUsers(uid=2, name=Nelson, role=Customer, CountOfActiveLease=3)]
2025-02-05 08:49:29 [http-nio-8080-exec-4] INFO  com.Lease.TrimbleCars.AOP.LoggingAspect - Entering method: CrudRepository.save(..) with arguments: [AppUsers(uid=2, name=Nelson, role=Customer, CountOfActiveLease=3)]
2025-02-05 08:49:29 [http-nio-8080-exec-4] INFO  com.Lease.TrimbleCars.AOP.LoggingAspect - Exiting method: CrudRepository.save(..)
2025-02-05 08:49:29 [http-nio-8080-exec-4] INFO  com.Lease.TrimbleCars.AOP.LoggingAspect - Exiting method: UserService.addORupdateUser(..)
2025-02-05 08:49:29 [http-nio-8080-exec-4] INFO  com.Lease.TrimbleCars.AOP.LoggingAspect - Entering method: LeaseHistoryService.createTransaction(..) with arguments: [History(orderId=null, LeaserId=2, LeaserName=Nelson, Leaserrole=Customer, startDate=Wed Jan 15 05:30:00 IST 2025, endDate=null, car=Cars [carId=1, carOwnerId=3, carName=Toyota Camry, carStatus=On Lease])]
2025-02-05 08:49:29 [http-nio-8080-exec-4] INFO  com.Lease.TrimbleCars.AOP.LoggingAspect - Entering method: CrudRepository.save(..) with arguments: [History(orderId=null, LeaserId=2, LeaserName=Nelson, Leaserrole=Customer, startDate=Wed Jan 15 05:30:00 IST 2025, endDate=null, car=Cars [carId=1, carOwnerId=3, carName=Toyota Camry, carStatus=On Lease])]
2025-02-05 08:49:29 [http-nio-8080-exec-4] INFO  com.Lease.TrimbleCars.AOP.LoggingAspect - Exiting method: CrudRepository.save(..)
2025-02-05 08:49:29 [http-nio-8080-exec-4] INFO  com.Lease.TrimbleCars.AOP.LoggingAspect - Exiting method: LeaseHistoryService.createTransaction(..)
2025-02-05 08:49:29 [http-nio-8080-exec-4] INFO  com.Lease.TrimbleCars.AOP.LoggingAspect - Exiting method: CarService.BookByID(..)
2025-02-05 08:49:29 [http-nio-8080-exec-4] INFO  com.Lease.TrimbleCars.AOP.LoggingAspect - Exiting method: EndCustomerController.bookById(..)
2025-02-05 08:49:48 [http-nio-8080-exec-7] INFO  com.Lease.TrimbleCars.AOP.LoggingAspect - Entering method: EndCustomerController.bookById(..) with arguments: [1, History(orderId=null, LeaserId=2, LeaserName=null, Leaserrole=null, startDate=Wed Jan 15 05:30:00 IST 2025, endDate=null, car=null)]
2025-02-05 08:49:48 [http-nio-8080-exec-7] INFO  com.Lease.TrimbleCars.AOP.LoggingAspect - Entering method: CarService.BookByID(..) with arguments: [1, History(orderId=null, LeaserId=2, LeaserName=null, Leaserrole=null, startDate=Wed Jan 15 05:30:00 IST 2025, endDate=null, car=null)]
2025-02-05 08:49:48 [http-nio-8080-exec-7] INFO  com.Lease.TrimbleCars.AOP.LoggingAspect - Entering method: UserService.getByid(..) with arguments: [2]
2025-02-05 08:49:48 [http-nio-8080-exec-7] INFO  com.Lease.TrimbleCars.AOP.LoggingAspect - Entering method: CrudRepository.findById(..) with arguments: [2]
2025-02-05 08:49:48 [http-nio-8080-exec-7] INFO  com.Lease.TrimbleCars.AOP.LoggingAspect - Exiting method: CrudRepository.findById(..)
2025-02-05 08:49:48 [http-nio-8080-exec-7] INFO  com.Lease.TrimbleCars.AOP.LoggingAspect - Exiting method: UserService.getByid(..)
2025-02-05 08:49:48 [http-nio-8080-exec-7] INFO  com.Lease.TrimbleCars.AOP.LoggingAspect - Exiting method: CarService.BookByID(..)
2025-02-05 08:49:48 [http-nio-8080-exec-7] INFO  com.Lease.TrimbleCars.AOP.LoggingAspect - Exiting method: EndCustomerController.bookById(..)
2025-02-05 08:49:57 [http-nio-8080-exec-3] INFO  com.Lease.TrimbleCars.AOP.LoggingAspect - Entering method: EndCustomerController.bookById(..) with arguments: [1, History(orderId=null, LeaserId=2, LeaserName=null, Leaserrole=null, startDate=Wed Jan 15 05:30:00 IST 2025, endDate=null, car=null)]
2025-02-05 08:49:57 [http-nio-8080-exec-3] INFO  com.Lease.TrimbleCars.AOP.LoggingAspect - Entering method: CarService.BookByID(..) with arguments: [1, History(orderId=null, LeaserId=2, LeaserName=null, Leaserrole=null, startDate=Wed Jan 15 05:30:00 IST 2025, endDate=null, car=null)]
2025-02-05 08:49:57 [http-nio-8080-exec-3] INFO  com.Lease.TrimbleCars.AOP.LoggingAspect - Entering method: UserService.getByid(..) with arguments: [2]
2025-02-05 08:49:57 [http-nio-8080-exec-3] INFO  com.Lease.TrimbleCars.AOP.LoggingAspect - Entering method: CrudRepository.findById(..) with arguments: [2]
2025-02-05 08:49:57 [http-nio-8080-exec-3] INFO  com.Lease.TrimbleCars.AOP.LoggingAspect - Exiting method: CrudRepository.findById(..)
2025-02-05 08:49:57 [http-nio-8080-exec-3] INFO  com.Lease.TrimbleCars.AOP.LoggingAspect - Exiting method: UserService.getByid(..)
2025-02-05 08:49:57 [http-nio-8080-exec-3] INFO  com.Lease.TrimbleCars.AOP.LoggingAspect - Exiting method: CarService.BookByID(..)
2025-02-05 08:49:57 [http-nio-8080-exec-3] INFO  com.Lease.TrimbleCars.AOP.LoggingAspect - Exiting method: EndCustomerController.bookById(..)
2025-02-05 08:51:03 [restartedMain] INFO  com.Lease.TrimbleCars.TrimbleCarsApplication - Starting TrimbleCarsApplication using Java 22.0.2 with PID 17812 (D:\Trimble Interview assessment\TrimbleCars\target\classes started by DELL in D:\Trimble Interview assessment\TrimbleCars)
2025-02-05 08:51:03 [restartedMain] DEBUG com.Lease.TrimbleCars.TrimbleCarsApplication - Running with Spring Boot v3.4.2, Spring v6.2.2
2025-02-05 08:51:03 [restartedMain] INFO  com.Lease.TrimbleCars.TrimbleCarsApplication - No active profile set, falling back to 1 default profile: "default"
2025-02-05 08:51:23 [restartedMain] INFO  com.Lease.TrimbleCars.TrimbleCarsApplication - Started TrimbleCarsApplication in 22.381 seconds (process running for 24.917)
2025-02-05 08:51:56 [http-nio-8080-exec-1] INFO  com.Lease.TrimbleCars.AOP.LoggingAspect - Entering method: EndCustomerController.bookById(..) with arguments: [1, History(orderId=null, LeaserId=2, LeaserName=null, Leaserrole=null, startDate=Wed Jan 15 05:30:00 IST 2025, endDate=null, car=null)]
2025-02-05 08:51:56 [http-nio-8080-exec-1] INFO  com.Lease.TrimbleCars.AOP.LoggingAspect - Entering method: CarService.BookByID(..) with arguments: [1, History(orderId=null, LeaserId=2, LeaserName=null, Leaserrole=null, startDate=Wed Jan 15 05:30:00 IST 2025, endDate=null, car=null)]
2025-02-05 08:51:56 [http-nio-8080-exec-1] INFO  com.Lease.TrimbleCars.AOP.LoggingAspect - Entering method: UserService.getByid(..) with arguments: [2]
2025-02-05 08:51:56 [http-nio-8080-exec-1] INFO  com.Lease.TrimbleCars.AOP.LoggingAspect - Entering method: CrudRepository.findById(..) with arguments: [2]
2025-02-05 08:51:56 [http-nio-8080-exec-1] INFO  com.Lease.TrimbleCars.AOP.LoggingAspect - Exiting method: CrudRepository.findById(..)
2025-02-05 08:51:56 [http-nio-8080-exec-1] INFO  com.Lease.TrimbleCars.AOP.LoggingAspect - Exiting method: UserService.getByid(..)
2025-02-05 08:51:56 [http-nio-8080-exec-1] INFO  com.Lease.TrimbleCars.AOP.LoggingAspect - Entering method: CrudRepository.findById(..) with arguments: [1]
2025-02-05 08:51:56 [http-nio-8080-exec-1] INFO  com.Lease.TrimbleCars.AOP.LoggingAspect - Exiting method: CrudRepository.findById(..)
2025-02-05 08:51:56 [http-nio-8080-exec-1] INFO  com.Lease.TrimbleCars.AOP.LoggingAspect - Entering method: CrudRepository.save(..) with arguments: [Cars [carId=1, carOwnerId=3, carName=Toyota Camry, carStatus=On Lease]]
2025-02-05 08:51:56 [http-nio-8080-exec-1] INFO  com.Lease.TrimbleCars.AOP.LoggingAspect - Exiting method: CrudRepository.save(..)
2025-02-05 08:51:56 [http-nio-8080-exec-1] INFO  com.Lease.TrimbleCars.AOP.LoggingAspect - Entering method: UserService.addORupdateUser(..) with arguments: [AppUsers(uid=2, name=Nelson, role=Customer, CountOfActiveLease=1)]
2025-02-05 08:51:56 [http-nio-8080-exec-1] INFO  com.Lease.TrimbleCars.AOP.LoggingAspect - Entering method: CrudRepository.save(..) with arguments: [AppUsers(uid=2, name=Nelson, role=Customer, CountOfActiveLease=1)]
2025-02-05 08:51:56 [http-nio-8080-exec-1] INFO  com.Lease.TrimbleCars.AOP.LoggingAspect - Exiting method: CrudRepository.save(..)
2025-02-05 08:51:56 [http-nio-8080-exec-1] INFO  com.Lease.TrimbleCars.AOP.LoggingAspect - Exiting method: UserService.addORupdateUser(..)
2025-02-05 08:51:56 [http-nio-8080-exec-1] INFO  com.Lease.TrimbleCars.AOP.LoggingAspect - Entering method: LeaseHistoryService.createTransaction(..) with arguments: [History(orderId=null, LeaserId=2, LeaserName=Nelson, Leaserrole=Customer, startDate=Wed Jan 15 05:30:00 IST 2025, endDate=null, car=Cars [carId=1, carOwnerId=3, carName=Toyota Camry, carStatus=On Lease])]
2025-02-05 08:51:56 [http-nio-8080-exec-1] INFO  com.Lease.TrimbleCars.AOP.LoggingAspect - Entering method: CrudRepository.save(..) with arguments: [History(orderId=null, LeaserId=2, LeaserName=Nelson, Leaserrole=Customer, startDate=Wed Jan 15 05:30:00 IST 2025, endDate=null, car=Cars [carId=1, carOwnerId=3, carName=Toyota Camry, carStatus=On Lease])]
2025-02-05 08:51:56 [http-nio-8080-exec-1] INFO  com.Lease.TrimbleCars.AOP.LoggingAspect - Exiting method: CrudRepository.save(..)
2025-02-05 08:51:56 [http-nio-8080-exec-1] INFO  com.Lease.TrimbleCars.AOP.LoggingAspect - Exiting method: LeaseHistoryService.createTransaction(..)
2025-02-05 08:51:56 [http-nio-8080-exec-1] INFO  com.Lease.TrimbleCars.AOP.LoggingAspect - Exiting method: CarService.BookByID(..)
2025-02-05 08:51:56 [http-nio-8080-exec-1] INFO  com.Lease.TrimbleCars.AOP.LoggingAspect - Exiting method: EndCustomerController.bookById(..)
2025-02-05 08:52:04 [http-nio-8080-exec-2] INFO  com.Lease.TrimbleCars.AOP.LoggingAspect - Entering method: EndCustomerController.bookById(..) with arguments: [1, History(orderId=null, LeaserId=2, LeaserName=null, Leaserrole=null, startDate=Wed Jan 15 05:30:00 IST 2025, endDate=null, car=null)]
2025-02-05 08:52:04 [http-nio-8080-exec-2] INFO  com.Lease.TrimbleCars.AOP.LoggingAspect - Entering method: CarService.BookByID(..) with arguments: [1, History(orderId=null, LeaserId=2, LeaserName=null, Leaserrole=null, startDate=Wed Jan 15 05:30:00 IST 2025, endDate=null, car=null)]
2025-02-05 08:52:04 [http-nio-8080-exec-2] INFO  com.Lease.TrimbleCars.AOP.LoggingAspect - Entering method: UserService.getByid(..) with arguments: [2]
2025-02-05 08:52:04 [http-nio-8080-exec-2] INFO  com.Lease.TrimbleCars.AOP.LoggingAspect - Entering method: CrudRepository.findById(..) with arguments: [2]
2025-02-05 08:52:04 [http-nio-8080-exec-2] INFO  com.Lease.TrimbleCars.AOP.LoggingAspect - Exiting method: CrudRepository.findById(..)
2025-02-05 08:52:04 [http-nio-8080-exec-2] INFO  com.Lease.TrimbleCars.AOP.LoggingAspect - Exiting method: UserService.getByid(..)
2025-02-05 08:52:04 [http-nio-8080-exec-2] INFO  com.Lease.TrimbleCars.AOP.LoggingAspect - Entering method: CrudRepository.findById(..) with arguments: [1]
2025-02-05 08:52:04 [http-nio-8080-exec-2] INFO  com.Lease.TrimbleCars.AOP.LoggingAspect - Exiting method: CrudRepository.findById(..)
2025-02-05 08:52:04 [http-nio-8080-exec-2] INFO  com.Lease.TrimbleCars.AOP.LoggingAspect - Entering method: CrudRepository.save(..) with arguments: [Cars [carId=1, carOwnerId=3, carName=Toyota Camry, carStatus=On Lease]]
2025-02-05 08:52:04 [http-nio-8080-exec-2] INFO  com.Lease.TrimbleCars.AOP.LoggingAspect - Exiting method: CrudRepository.save(..)
2025-02-05 08:52:04 [http-nio-8080-exec-2] INFO  com.Lease.TrimbleCars.AOP.LoggingAspect - Entering method: UserService.addORupdateUser(..) with arguments: [AppUsers(uid=2, name=Nelson, role=Customer, CountOfActiveLease=2)]
2025-02-05 08:52:04 [http-nio-8080-exec-2] INFO  com.Lease.TrimbleCars.AOP.LoggingAspect - Entering method: CrudRepository.save(..) with arguments: [AppUsers(uid=2, name=Nelson, role=Customer, CountOfActiveLease=2)]
2025-02-05 08:52:04 [http-nio-8080-exec-2] INFO  com.Lease.TrimbleCars.AOP.LoggingAspect - Exiting method: CrudRepository.save(..)
2025-02-05 08:52:04 [http-nio-8080-exec-2] INFO  com.Lease.TrimbleCars.AOP.LoggingAspect - Exiting method: UserService.addORupdateUser(..)
2025-02-05 08:52:04 [http-nio-8080-exec-2] INFO  com.Lease.TrimbleCars.AOP.LoggingAspect - Entering method: LeaseHistoryService.createTransaction(..) with arguments: [History(orderId=null, LeaserId=2, LeaserName=Nelson, Leaserrole=Customer, startDate=Wed Jan 15 05:30:00 IST 2025, endDate=null, car=Cars [carId=1, carOwnerId=3, carName=Toyota Camry, carStatus=On Lease])]
2025-02-05 08:52:04 [http-nio-8080-exec-2] INFO  com.Lease.TrimbleCars.AOP.LoggingAspect - Entering method: CrudRepository.save(..) with arguments: [History(orderId=null, LeaserId=2, LeaserName=Nelson, Leaserrole=Customer, startDate=Wed Jan 15 05:30:00 IST 2025, endDate=null, car=Cars [carId=1, carOwnerId=3, carName=Toyota Camry, carStatus=On Lease])]
2025-02-05 08:52:04 [http-nio-8080-exec-2] INFO  com.Lease.TrimbleCars.AOP.LoggingAspect - Exiting method: CrudRepository.save(..)
2025-02-05 08:52:04 [http-nio-8080-exec-2] INFO  com.Lease.TrimbleCars.AOP.LoggingAspect - Exiting method: LeaseHistoryService.createTransaction(..)
2025-02-05 08:52:04 [http-nio-8080-exec-2] INFO  com.Lease.TrimbleCars.AOP.LoggingAspect - Exiting method: CarService.BookByID(..)
2025-02-05 08:52:04 [http-nio-8080-exec-2] INFO  com.Lease.TrimbleCars.AOP.LoggingAspect - Exiting method: EndCustomerController.bookById(..)
2025-02-05 08:52:05 [http-nio-8080-exec-7] INFO  com.Lease.TrimbleCars.AOP.LoggingAspect - Entering method: EndCustomerController.bookById(..) with arguments: [1, History(orderId=null, LeaserId=2, LeaserName=null, Leaserrole=null, startDate=Wed Jan 15 05:30:00 IST 2025, endDate=null, car=null)]
2025-02-05 08:52:05 [http-nio-8080-exec-7] INFO  com.Lease.TrimbleCars.AOP.LoggingAspect - Entering method: CarService.BookByID(..) with arguments: [1, History(orderId=null, LeaserId=2, LeaserName=null, Leaserrole=null, startDate=Wed Jan 15 05:30:00 IST 2025, endDate=null, car=null)]
2025-02-05 08:52:05 [http-nio-8080-exec-7] INFO  com.Lease.TrimbleCars.AOP.LoggingAspect - Entering method: UserService.getByid(..) with arguments: [2]
2025-02-05 08:52:05 [http-nio-8080-exec-7] INFO  com.Lease.TrimbleCars.AOP.LoggingAspect - Entering method: CrudRepository.findById(..) with arguments: [2]
2025-02-05 08:52:05 [http-nio-8080-exec-7] INFO  com.Lease.TrimbleCars.AOP.LoggingAspect - Exiting method: CrudRepository.findById(..)
2025-02-05 08:52:05 [http-nio-8080-exec-7] INFO  com.Lease.TrimbleCars.AOP.LoggingAspect - Exiting method: UserService.getByid(..)
2025-02-05 08:52:05 [http-nio-8080-exec-7] INFO  com.Lease.TrimbleCars.AOP.LoggingAspect - Entering method: CrudRepository.findById(..) with arguments: [1]
2025-02-05 08:52:05 [http-nio-8080-exec-7] INFO  com.Lease.TrimbleCars.AOP.LoggingAspect - Exiting method: CrudRepository.findById(..)
2025-02-05 08:52:05 [http-nio-8080-exec-7] INFO  com.Lease.TrimbleCars.AOP.LoggingAspect - Entering method: CrudRepository.save(..) with arguments: [Cars [carId=1, carOwnerId=3, carName=Toyota Camry, carStatus=On Lease]]
2025-02-05 08:52:05 [http-nio-8080-exec-7] INFO  com.Lease.TrimbleCars.AOP.LoggingAspect - Exiting method: CrudRepository.save(..)
2025-02-05 08:52:05 [http-nio-8080-exec-7] INFO  com.Lease.TrimbleCars.AOP.LoggingAspect - Entering method: UserService.addORupdateUser(..) with arguments: [AppUsers(uid=2, name=Nelson, role=Customer, CountOfActiveLease=3)]
2025-02-05 08:52:05 [http-nio-8080-exec-7] INFO  com.Lease.TrimbleCars.AOP.LoggingAspect - Entering method: CrudRepository.save(..) with arguments: [AppUsers(uid=2, name=Nelson, role=Customer, CountOfActiveLease=3)]
2025-02-05 08:52:05 [http-nio-8080-exec-7] INFO  com.Lease.TrimbleCars.AOP.LoggingAspect - Exiting method: CrudRepository.save(..)
2025-02-05 08:52:05 [http-nio-8080-exec-7] INFO  com.Lease.TrimbleCars.AOP.LoggingAspect - Exiting method: UserService.addORupdateUser(..)
2025-02-05 08:52:05 [http-nio-8080-exec-7] INFO  com.Lease.TrimbleCars.AOP.LoggingAspect - Entering method: LeaseHistoryService.createTransaction(..) with arguments: [History(orderId=null, LeaserId=2, LeaserName=Nelson, Leaserrole=Customer, startDate=Wed Jan 15 05:30:00 IST 2025, endDate=null, car=Cars [carId=1, carOwnerId=3, carName=Toyota Camry, carStatus=On Lease])]
2025-02-05 08:52:05 [http-nio-8080-exec-7] INFO  com.Lease.TrimbleCars.AOP.LoggingAspect - Entering method: CrudRepository.save(..) with arguments: [History(orderId=null, LeaserId=2, LeaserName=Nelson, Leaserrole=Customer, startDate=Wed Jan 15 05:30:00 IST 2025, endDate=null, car=Cars [carId=1, carOwnerId=3, carName=Toyota Camry, carStatus=On Lease])]
2025-02-05 08:52:05 [http-nio-8080-exec-7] INFO  com.Lease.TrimbleCars.AOP.LoggingAspect - Exiting method: CrudRepository.save(..)
2025-02-05 08:52:05 [http-nio-8080-exec-7] INFO  com.Lease.TrimbleCars.AOP.LoggingAspect - Exiting method: LeaseHistoryService.createTransaction(..)
2025-02-05 08:52:05 [http-nio-8080-exec-7] INFO  com.Lease.TrimbleCars.AOP.LoggingAspect - Exiting method: CarService.BookByID(..)
2025-02-05 08:52:05 [http-nio-8080-exec-7] INFO  com.Lease.TrimbleCars.AOP.LoggingAspect - Exiting method: EndCustomerController.bookById(..)
2025-02-05 08:52:30 [http-nio-8080-exec-7] INFO  com.Lease.TrimbleCars.AOP.LoggingAspect - Entering method: EndCustomerController.bookById(..) with arguments: [1, History(orderId=null, LeaserId=2, LeaserName=null, Leaserrole=null, startDate=Wed Jan 15 05:30:00 IST 2025, endDate=null, car=null)]
2025-02-05 08:52:30 [http-nio-8080-exec-7] INFO  com.Lease.TrimbleCars.AOP.LoggingAspect - Entering method: CarService.BookByID(..) with arguments: [1, History(orderId=null, LeaserId=2, LeaserName=null, Leaserrole=null, startDate=Wed Jan 15 05:30:00 IST 2025, endDate=null, car=null)]
2025-02-05 08:52:30 [http-nio-8080-exec-7] INFO  com.Lease.TrimbleCars.AOP.LoggingAspect - Entering method: UserService.getByid(..) with arguments: [2]
2025-02-05 08:52:30 [http-nio-8080-exec-7] INFO  com.Lease.TrimbleCars.AOP.LoggingAspect - Entering method: CrudRepository.findById(..) with arguments: [2]
2025-02-05 08:52:30 [http-nio-8080-exec-7] INFO  com.Lease.TrimbleCars.AOP.LoggingAspect - Exiting method: CrudRepository.findById(..)
2025-02-05 08:52:30 [http-nio-8080-exec-7] INFO  com.Lease.TrimbleCars.AOP.LoggingAspect - Exiting method: UserService.getByid(..)
2025-02-05 08:52:30 [http-nio-8080-exec-7] INFO  com.Lease.TrimbleCars.AOP.LoggingAspect - Exiting method: CarService.BookByID(..)
2025-02-05 08:52:30 [http-nio-8080-exec-7] INFO  com.Lease.TrimbleCars.AOP.LoggingAspect - Exiting method: EndCustomerController.bookById(..)
2025-02-05 08:53:11 [restartedMain] INFO  com.Lease.TrimbleCars.TrimbleCarsApplication - Starting TrimbleCarsApplication using Java 22.0.2 with PID 13076 (D:\Trimble Interview assessment\TrimbleCars\target\classes started by DELL in D:\Trimble Interview assessment\TrimbleCars)
2025-02-05 08:53:11 [restartedMain] DEBUG com.Lease.TrimbleCars.TrimbleCarsApplication - Running with Spring Boot v3.4.2, Spring v6.2.2
2025-02-05 08:53:11 [restartedMain] INFO  com.Lease.TrimbleCars.TrimbleCarsApplication - No active profile set, falling back to 1 default profile: "default"
2025-02-05 08:53:34 [restartedMain] INFO  com.Lease.TrimbleCars.TrimbleCarsApplication - Started TrimbleCarsApplication in 25.056 seconds (process running for 28.53)
2025-02-05 08:53:50 [http-nio-8080-exec-2] INFO  com.Lease.TrimbleCars.AOP.LoggingAspect - Entering method: EndCustomerController.bookById(..) with arguments: [1, History(orderId=null, LeaserId=2, LeaserName=null, Leaserrole=null, startDate=Wed Jan 15 05:30:00 IST 2025, endDate=null, car=null)]
2025-02-05 08:53:50 [http-nio-8080-exec-2] INFO  com.Lease.TrimbleCars.AOP.LoggingAspect - Entering method: CarService.BookByID(..) with arguments: [1, History(orderId=null, LeaserId=2, LeaserName=null, Leaserrole=null, startDate=Wed Jan 15 05:30:00 IST 2025, endDate=null, car=null)]
2025-02-05 08:53:50 [http-nio-8080-exec-2] INFO  com.Lease.TrimbleCars.AOP.LoggingAspect - Entering method: UserService.getByid(..) with arguments: [2]
2025-02-05 08:53:50 [http-nio-8080-exec-2] INFO  com.Lease.TrimbleCars.AOP.LoggingAspect - Entering method: CrudRepository.findById(..) with arguments: [2]
2025-02-05 08:53:50 [http-nio-8080-exec-2] INFO  com.Lease.TrimbleCars.AOP.LoggingAspect - Exiting method: CrudRepository.findById(..)
2025-02-05 08:53:50 [http-nio-8080-exec-2] INFO  com.Lease.TrimbleCars.AOP.LoggingAspect - Exiting method: UserService.getByid(..)
2025-02-05 08:53:50 [http-nio-8080-exec-2] INFO  com.Lease.TrimbleCars.AOP.LoggingAspect - Exiting method: CarService.BookByID(..)
2025-02-05 08:53:50 [http-nio-8080-exec-2] INFO  com.Lease.TrimbleCars.AOP.LoggingAspect - Exiting method: EndCustomerController.bookById(..)
2025-02-05 08:55:16 [http-nio-8080-exec-1] INFO  com.Lease.TrimbleCars.AOP.LoggingAspect - Entering method: EndCustomerController.bookById(..) with arguments: [1, History(orderId=null, LeaserId=2, LeaserName=null, Leaserrole=null, startDate=Wed Jan 15 05:30:00 IST 2025, endDate=null, car=null)]
2025-02-05 08:55:16 [http-nio-8080-exec-1] INFO  com.Lease.TrimbleCars.AOP.LoggingAspect - Entering method: CarService.BookByID(..) with arguments: [1, History(orderId=null, LeaserId=2, LeaserName=null, Leaserrole=null, startDate=Wed Jan 15 05:30:00 IST 2025, endDate=null, car=null)]
2025-02-05 08:55:16 [http-nio-8080-exec-1] INFO  com.Lease.TrimbleCars.AOP.LoggingAspect - Entering method: UserService.getByid(..) with arguments: [2]
2025-02-05 08:55:16 [http-nio-8080-exec-1] INFO  com.Lease.TrimbleCars.AOP.LoggingAspect - Entering method: CrudRepository.findById(..) with arguments: [2]
2025-02-05 08:55:16 [http-nio-8080-exec-1] INFO  com.Lease.TrimbleCars.AOP.LoggingAspect - Exiting method: CrudRepository.findById(..)
2025-02-05 08:55:16 [http-nio-8080-exec-1] INFO  com.Lease.TrimbleCars.AOP.LoggingAspect - Exiting method: UserService.getByid(..)
2025-02-05 08:55:16 [http-nio-8080-exec-1] INFO  com.Lease.TrimbleCars.AOP.LoggingAspect - Entering method: CrudRepository.findById(..) with arguments: [1]
2025-02-05 08:55:16 [http-nio-8080-exec-1] INFO  com.Lease.TrimbleCars.AOP.LoggingAspect - Exiting method: CrudRepository.findById(..)
2025-02-05 08:55:16 [http-nio-8080-exec-1] INFO  com.Lease.TrimbleCars.AOP.LoggingAspect - Entering method: CrudRepository.save(..) with arguments: [Cars [carId=1, carOwnerId=3, carName=Toyota Camry, carStatus=On Lease]]
2025-02-05 08:55:16 [http-nio-8080-exec-1] INFO  com.Lease.TrimbleCars.AOP.LoggingAspect - Exiting method: CrudRepository.save(..)
2025-02-05 08:55:16 [http-nio-8080-exec-1] INFO  com.Lease.TrimbleCars.AOP.LoggingAspect - Entering method: UserService.addORupdateUser(..) with arguments: [AppUsers(uid=2, name=Nelson, role=Customer, CountOfActiveLease=1)]
2025-02-05 08:55:16 [http-nio-8080-exec-1] INFO  com.Lease.TrimbleCars.AOP.LoggingAspect - Entering method: CrudRepository.save(..) with arguments: [AppUsers(uid=2, name=Nelson, role=Customer, CountOfActiveLease=1)]
2025-02-05 08:55:16 [http-nio-8080-exec-1] INFO  com.Lease.TrimbleCars.AOP.LoggingAspect - Exiting method: CrudRepository.save(..)
2025-02-05 08:55:16 [http-nio-8080-exec-1] INFO  com.Lease.TrimbleCars.AOP.LoggingAspect - Exiting method: UserService.addORupdateUser(..)
2025-02-05 08:55:16 [http-nio-8080-exec-1] INFO  com.Lease.TrimbleCars.AOP.LoggingAspect - Entering method: LeaseHistoryService.createTransaction(..) with arguments: [History(orderId=null, LeaserId=2, LeaserName=Nelson, Leaserrole=Customer, startDate=Wed Jan 15 05:30:00 IST 2025, endDate=null, car=Cars [carId=1, carOwnerId=3, carName=Toyota Camry, carStatus=On Lease])]
2025-02-05 08:55:16 [http-nio-8080-exec-1] INFO  com.Lease.TrimbleCars.AOP.LoggingAspect - Entering method: CrudRepository.save(..) with arguments: [History(orderId=null, LeaserId=2, LeaserName=Nelson, Leaserrole=Customer, startDate=Wed Jan 15 05:30:00 IST 2025, endDate=null, car=Cars [carId=1, carOwnerId=3, carName=Toyota Camry, carStatus=On Lease])]
2025-02-05 08:55:16 [http-nio-8080-exec-1] INFO  com.Lease.TrimbleCars.AOP.LoggingAspect - Exiting method: CrudRepository.save(..)
2025-02-05 08:55:16 [http-nio-8080-exec-1] INFO  com.Lease.TrimbleCars.AOP.LoggingAspect - Exiting method: LeaseHistoryService.createTransaction(..)
2025-02-05 08:55:16 [http-nio-8080-exec-1] INFO  com.Lease.TrimbleCars.AOP.LoggingAspect - Exiting method: CarService.BookByID(..)
2025-02-05 08:55:16 [http-nio-8080-exec-1] INFO  com.Lease.TrimbleCars.AOP.LoggingAspect - Exiting method: EndCustomerController.bookById(..)
2025-02-05 08:55:21 [http-nio-8080-exec-3] INFO  com.Lease.TrimbleCars.AOP.LoggingAspect - Entering method: EndCustomerController.bookById(..) with arguments: [2, History(orderId=null, LeaserId=2, LeaserName=null, Leaserrole=null, startDate=Wed Jan 15 05:30:00 IST 2025, endDate=null, car=null)]
2025-02-05 08:55:21 [http-nio-8080-exec-3] INFO  com.Lease.TrimbleCars.AOP.LoggingAspect - Entering method: CarService.BookByID(..) with arguments: [2, History(orderId=null, LeaserId=2, LeaserName=null, Leaserrole=null, startDate=Wed Jan 15 05:30:00 IST 2025, endDate=null, car=null)]
2025-02-05 08:55:21 [http-nio-8080-exec-3] INFO  com.Lease.TrimbleCars.AOP.LoggingAspect - Entering method: UserService.getByid(..) with arguments: [2]
2025-02-05 08:55:21 [http-nio-8080-exec-3] INFO  com.Lease.TrimbleCars.AOP.LoggingAspect - Entering method: CrudRepository.findById(..) with arguments: [2]
2025-02-05 08:55:21 [http-nio-8080-exec-3] INFO  com.Lease.TrimbleCars.AOP.LoggingAspect - Exiting method: CrudRepository.findById(..)
2025-02-05 08:55:21 [http-nio-8080-exec-3] INFO  com.Lease.TrimbleCars.AOP.LoggingAspect - Exiting method: UserService.getByid(..)
2025-02-05 08:55:21 [http-nio-8080-exec-3] INFO  com.Lease.TrimbleCars.AOP.LoggingAspect - Entering method: CrudRepository.findById(..) with arguments: [2]
2025-02-05 08:55:21 [http-nio-8080-exec-3] INFO  com.Lease.TrimbleCars.AOP.LoggingAspect - Exiting method: CrudRepository.findById(..)
2025-02-05 08:55:21 [http-nio-8080-exec-3] INFO  com.Lease.TrimbleCars.AOP.LoggingAspect - Entering method: CrudRepository.save(..) with arguments: [Cars [carId=2, carOwnerId=3, carName=BMW , carStatus=On Lease]]
2025-02-05 08:55:21 [http-nio-8080-exec-3] INFO  com.Lease.TrimbleCars.AOP.LoggingAspect - Exiting method: CrudRepository.save(..)
2025-02-05 08:55:21 [http-nio-8080-exec-3] INFO  com.Lease.TrimbleCars.AOP.LoggingAspect - Entering method: UserService.addORupdateUser(..) with arguments: [AppUsers(uid=2, name=Nelson, role=Customer, CountOfActiveLease=2)]
2025-02-05 08:55:21 [http-nio-8080-exec-3] INFO  com.Lease.TrimbleCars.AOP.LoggingAspect - Entering method: CrudRepository.save(..) with arguments: [AppUsers(uid=2, name=Nelson, role=Customer, CountOfActiveLease=2)]
2025-02-05 08:55:21 [http-nio-8080-exec-3] INFO  com.Lease.TrimbleCars.AOP.LoggingAspect - Exiting method: CrudRepository.save(..)
2025-02-05 08:55:21 [http-nio-8080-exec-3] INFO  com.Lease.TrimbleCars.AOP.LoggingAspect - Exiting method: UserService.addORupdateUser(..)
2025-02-05 08:55:21 [http-nio-8080-exec-3] INFO  com.Lease.TrimbleCars.AOP.LoggingAspect - Entering method: LeaseHistoryService.createTransaction(..) with arguments: [History(orderId=null, LeaserId=2, LeaserName=Nelson, Leaserrole=Customer, startDate=Wed Jan 15 05:30:00 IST 2025, endDate=null, car=Cars [carId=2, carOwnerId=3, carName=BMW , carStatus=On Lease])]
2025-02-05 08:55:21 [http-nio-8080-exec-3] INFO  com.Lease.TrimbleCars.AOP.LoggingAspect - Entering method: CrudRepository.save(..) with arguments: [History(orderId=null, LeaserId=2, LeaserName=Nelson, Leaserrole=Customer, startDate=Wed Jan 15 05:30:00 IST 2025, endDate=null, car=Cars [carId=2, carOwnerId=3, carName=BMW , carStatus=On Lease])]
2025-02-05 08:55:21 [http-nio-8080-exec-3] INFO  com.Lease.TrimbleCars.AOP.LoggingAspect - Exiting method: CrudRepository.save(..)
2025-02-05 08:55:21 [http-nio-8080-exec-3] INFO  com.Lease.TrimbleCars.AOP.LoggingAspect - Exiting method: LeaseHistoryService.createTransaction(..)
2025-02-05 08:55:21 [http-nio-8080-exec-3] INFO  com.Lease.TrimbleCars.AOP.LoggingAspect - Exiting method: CarService.BookByID(..)
2025-02-05 08:55:21 [http-nio-8080-exec-3] INFO  com.Lease.TrimbleCars.AOP.LoggingAspect - Exiting method: EndCustomerController.bookById(..)
2025-02-05 08:55:28 [http-nio-8080-exec-4] INFO  com.Lease.TrimbleCars.AOP.LoggingAspect - Entering method: EndCustomerController.bookById(..) with arguments: [1, History(orderId=null, LeaserId=2, LeaserName=null, Leaserrole=null, startDate=Wed Jan 15 05:30:00 IST 2025, endDate=null, car=null)]
2025-02-05 08:55:28 [http-nio-8080-exec-4] INFO  com.Lease.TrimbleCars.AOP.LoggingAspect - Entering method: CarService.BookByID(..) with arguments: [1, History(orderId=null, LeaserId=2, LeaserName=null, Leaserrole=null, startDate=Wed Jan 15 05:30:00 IST 2025, endDate=null, car=null)]
2025-02-05 08:55:28 [http-nio-8080-exec-4] INFO  com.Lease.TrimbleCars.AOP.LoggingAspect - Entering method: UserService.getByid(..) with arguments: [2]
2025-02-05 08:55:28 [http-nio-8080-exec-4] INFO  com.Lease.TrimbleCars.AOP.LoggingAspect - Entering method: CrudRepository.findById(..) with arguments: [2]
2025-02-05 08:55:28 [http-nio-8080-exec-4] INFO  com.Lease.TrimbleCars.AOP.LoggingAspect - Exiting method: CrudRepository.findById(..)
2025-02-05 08:55:28 [http-nio-8080-exec-4] INFO  com.Lease.TrimbleCars.AOP.LoggingAspect - Exiting method: UserService.getByid(..)
2025-02-05 08:55:28 [http-nio-8080-exec-4] INFO  com.Lease.TrimbleCars.AOP.LoggingAspect - Exiting method: CarService.BookByID(..)
2025-02-05 08:55:28 [http-nio-8080-exec-4] INFO  com.Lease.TrimbleCars.AOP.LoggingAspect - Exiting method: EndCustomerController.bookById(..)
2025-02-05 08:55:48 [http-nio-8080-exec-6] INFO  com.Lease.TrimbleCars.AOP.LoggingAspect - Entering method: EndCustomerController.countOfActiveLease(..) with arguments: [2]
2025-02-05 08:55:48 [http-nio-8080-exec-6] INFO  com.Lease.TrimbleCars.AOP.LoggingAspect - Entering method: UserService.getByid(..) with arguments: [2]
2025-02-05 08:55:48 [http-nio-8080-exec-6] INFO  com.Lease.TrimbleCars.AOP.LoggingAspect - Entering method: CrudRepository.findById(..) with arguments: [2]
2025-02-05 08:55:48 [http-nio-8080-exec-6] INFO  com.Lease.TrimbleCars.AOP.LoggingAspect - Exiting method: CrudRepository.findById(..)
2025-02-05 08:55:48 [http-nio-8080-exec-6] INFO  com.Lease.TrimbleCars.AOP.LoggingAspect - Exiting method: UserService.getByid(..)
2025-02-05 08:55:48 [http-nio-8080-exec-6] INFO  com.Lease.TrimbleCars.AOP.LoggingAspect - Exiting method: EndCustomerController.countOfActiveLease(..)
2025-02-05 08:55:50 [http-nio-8080-exec-5] INFO  com.Lease.TrimbleCars.AOP.LoggingAspect - Entering method: EndCustomerController.countOfActiveLease(..) with arguments: [2]
2025-02-05 08:55:50 [http-nio-8080-exec-5] INFO  com.Lease.TrimbleCars.AOP.LoggingAspect - Entering method: UserService.getByid(..) with arguments: [2]
2025-02-05 08:55:50 [http-nio-8080-exec-5] INFO  com.Lease.TrimbleCars.AOP.LoggingAspect - Entering method: CrudRepository.findById(..) with arguments: [2]
2025-02-05 08:55:50 [http-nio-8080-exec-5] INFO  com.Lease.TrimbleCars.AOP.LoggingAspect - Exiting method: CrudRepository.findById(..)
2025-02-05 08:55:50 [http-nio-8080-exec-5] INFO  com.Lease.TrimbleCars.AOP.LoggingAspect - Exiting method: UserService.getByid(..)
2025-02-05 08:55:50 [http-nio-8080-exec-5] INFO  com.Lease.TrimbleCars.AOP.LoggingAspect - Exiting method: EndCustomerController.countOfActiveLease(..)
2025-02-05 08:57:49 [http-nio-8080-exec-6] INFO  com.Lease.TrimbleCars.AOP.LoggingAspect - Entering method: EndCustomerController.getAvailaleCarsForLease() with arguments: []
2025-02-05 08:57:49 [http-nio-8080-exec-6] INFO  com.Lease.TrimbleCars.AOP.LoggingAspect - Entering method: CarService.getAvailableCarsForLease() with arguments: []
2025-02-05 08:57:49 [http-nio-8080-exec-6] INFO  com.Lease.TrimbleCars.AOP.LoggingAspect - Entering method: CarRepo.findBycarStatus(..) with arguments: [Ideal]
2025-02-05 08:57:50 [http-nio-8080-exec-6] INFO  com.Lease.TrimbleCars.AOP.LoggingAspect - Exiting method: CarRepo.findBycarStatus(..)
2025-02-05 08:57:50 [http-nio-8080-exec-6] INFO  com.Lease.TrimbleCars.AOP.LoggingAspect - Exiting method: CarService.getAvailableCarsForLease()
2025-02-05 08:57:50 [http-nio-8080-exec-6] INFO  com.Lease.TrimbleCars.AOP.LoggingAspect - Exiting method: EndCustomerController.getAvailaleCarsForLease()
2025-02-05 09:49:10 [http-nio-8080-exec-9] INFO  com.Lease.TrimbleCars.AOP.LoggingAspect - Entering method: EndCustomerController.getAvailaleCarsForLease() with arguments: []
2025-02-05 09:49:10 [http-nio-8080-exec-9] INFO  com.Lease.TrimbleCars.AOP.LoggingAspect - Entering method: CarService.getAvailableCarsForLease() with arguments: []
2025-02-05 09:49:10 [http-nio-8080-exec-9] INFO  com.Lease.TrimbleCars.AOP.LoggingAspect - Entering method: CarRepo.findBycarStatus(..) with arguments: [Ideal]
2025-02-05 09:49:10 [http-nio-8080-exec-9] INFO  com.Lease.TrimbleCars.AOP.LoggingAspect - Exiting method: CarRepo.findBycarStatus(..)
2025-02-05 09:49:10 [http-nio-8080-exec-9] INFO  com.Lease.TrimbleCars.AOP.LoggingAspect - Exiting method: CarService.getAvailableCarsForLease()
2025-02-05 09:49:10 [http-nio-8080-exec-9] INFO  com.Lease.TrimbleCars.AOP.LoggingAspect - Exiting method: EndCustomerController.getAvailaleCarsForLease()
2025-02-05 10:50:05 [restartedMain] INFO  com.Lease.TrimbleCars.TrimbleCarsApplication - Starting TrimbleCarsApplication using Java 22.0.2 with PID 7100 (D:\Trimble Interview assessment\TrimbleCars\target\classes started by DELL in D:\Trimble Interview assessment\TrimbleCars)
2025-02-05 10:50:05 [restartedMain] DEBUG com.Lease.TrimbleCars.TrimbleCarsApplication - Running with Spring Boot v3.4.2, Spring v6.2.2
2025-02-05 10:50:05 [restartedMain] INFO  com.Lease.TrimbleCars.TrimbleCarsApplication - No active profile set, falling back to 1 default profile: "default"
2025-02-05 10:51:32 [restartedMain] INFO  com.Lease.TrimbleCars.TrimbleCarsApplication - Starting TrimbleCarsApplication using Java 22.0.2 with PID 7664 (D:\Trimble Interview assessment\TrimbleCars\target\classes started by DELL in D:\Trimble Interview assessment\TrimbleCars)
2025-02-05 10:51:32 [restartedMain] DEBUG com.Lease.TrimbleCars.TrimbleCarsApplication - Running with Spring Boot v3.4.2, Spring v6.2.2
2025-02-05 10:51:32 [restartedMain] INFO  com.Lease.TrimbleCars.TrimbleCarsApplication - No active profile set, falling back to 1 default profile: "default"
2025-02-05 10:53:39 [restartedMain] INFO  com.Lease.TrimbleCars.TrimbleCarsApplication - Starting TrimbleCarsApplication using Java 22.0.2 with PID 5388 (D:\Trimble Interview assessment\TrimbleCars\target\classes started by DELL in D:\Trimble Interview assessment\TrimbleCars)
2025-02-05 10:53:40 [restartedMain] DEBUG com.Lease.TrimbleCars.TrimbleCarsApplication - Running with Spring Boot v3.4.2, Spring v6.2.2
2025-02-05 10:53:40 [restartedMain] INFO  com.Lease.TrimbleCars.TrimbleCarsApplication - No active profile set, falling back to 1 default profile: "default"
2025-02-05 10:56:26 [restartedMain] INFO  com.Lease.TrimbleCars.TrimbleCarsApplication - Starting TrimbleCarsApplication using Java 22.0.2 with PID 17052 (D:\Trimble Interview assessment\TrimbleCars\target\classes started by DELL in D:\Trimble Interview assessment\TrimbleCars)
2025-02-05 10:56:26 [restartedMain] DEBUG com.Lease.TrimbleCars.TrimbleCarsApplication - Running with Spring Boot v3.4.2, Spring v6.2.2
2025-02-05 10:56:26 [restartedMain] INFO  com.Lease.TrimbleCars.TrimbleCarsApplication - No active profile set, falling back to 1 default profile: "default"
2025-02-05 10:56:33 [restartedMain] INFO  com.Lease.TrimbleCars.TrimbleCarsApplication - Started TrimbleCarsApplication in 7.098 seconds (process running for 8.091)
2025-02-05 10:57:36 [http-nio-8080-exec-4] INFO  com.Lease.TrimbleCars.AOP.LoggingAspect - Entering method: EndCustomerController.own_history(..) with arguments: [2]
2025-02-05 10:57:36 [http-nio-8080-exec-4] INFO  com.Lease.TrimbleCars.AOP.LoggingAspect - Entering method: HistoryService.LeaseHistory(..) with arguments: [2]
2025-02-05 10:57:36 [http-nio-8080-exec-4] INFO  com.Lease.TrimbleCars.AOP.LoggingAspect - Entering method: HistoryRepo.findByLeaserId(..) with arguments: [2]
2025-02-05 10:57:36 [http-nio-8080-exec-4] INFO  com.Lease.TrimbleCars.AOP.LoggingAspect - Exiting method: HistoryRepo.findByLeaserId(..)
2025-02-05 10:57:36 [http-nio-8080-exec-4] INFO  com.Lease.TrimbleCars.AOP.LoggingAspect - Exiting method: HistoryService.LeaseHistory(..)
2025-02-05 10:57:36 [http-nio-8080-exec-4] INFO  com.Lease.TrimbleCars.AOP.LoggingAspect - Exiting method: EndCustomerController.own_history(..)
2025-02-05 11:50:22 [main] INFO  com.Lease.TrimbleCars.TrimbleCarsApplicationTests - Starting TrimbleCarsApplicationTests using Java 22.0.2 with PID 12088 (started by DELL in D:\Trimble Interview assessment\TrimbleCars)
2025-02-05 11:50:22 [main] DEBUG com.Lease.TrimbleCars.TrimbleCarsApplicationTests - Running with Spring Boot v3.4.2, Spring v6.2.2
2025-02-05 11:50:22 [main] INFO  com.Lease.TrimbleCars.TrimbleCarsApplicationTests - No active profile set, falling back to 1 default profile: "default"
2025-02-05 11:50:28 [main] INFO  com.Lease.TrimbleCars.TrimbleCarsApplicationTests - Started TrimbleCarsApplicationTests in 6.83 seconds (process running for 10.414)
2025-04-07 15:20:46 [main] INFO  com.Lease.TrimbleCars.TrimbleCarsApplicationTests - Starting TrimbleCarsApplicationTests using Java 17.0.12 with PID 6720 (started by VELVIZHI in C:\Users\VELVIZHI\Downloads\TrimbleCarsAssessment-main\TrimbleCarsAssessment-main)
2025-04-07 15:20:46 [main] DEBUG com.Lease.TrimbleCars.TrimbleCarsApplicationTests - Running with Spring Boot v3.4.2, Spring v6.2.2
2025-04-07 15:20:46 [main] INFO  com.Lease.TrimbleCars.TrimbleCarsApplicationTests - No active profile set, falling back to 1 default profile: "default"
